[
  {
    "Type": "Community Meals",
    "Name": "Centenary UMC Community Meal",
    "Street": "438 Chenango St",
    "City": "Binghamton",
    "State": "NY",
    "Zip": "13901",
    "Hours of Operation": "2nd & 4th Thursday 5:00pm-6:00pm",
    "Area Served": "Northside Binghamton or anyone",
    "Deliveries?": "No",
    "Additional Services Offered": "No",
    "Drive Thru?": "No",
    "Contact": "Bonnie Zeggert",
    "Phone": "(607)724-3546",
    "Email": "ccsumc438@outlook.com",
    "latitude": 42.1120552,
    "longitude": -75.9022926
  },
  {
    "Type": "Community Meals",
    "Name": "Community Meal of UPC",
    "Street": "42 Chenango St",
    "City": "Binghamton",
    "State": "NY",
    "Zip": "13901",
    "Hours of Operation": "Tuesday 5:00pm-5:50pm",
    "Area Served": "Broome County and Surrounding Areas",
    "Deliveries?": "No",
    "Additional Services Offered": "No",
    "Drive Thru?": "No",
    "Contact": "Sherry Conklin",
    "Phone": "(607)722-4219",
    "Email": "meal@upcbgm.org",
    "latitude": 42.1000926,
    "longitude": -75.9097868
  },
  {
    "Type": "Community Meals",
    "Name": "Salvation Army Community Meal- Binghamton SK",
    "Street": "127-131 Washington St",
    "City": "Binghamton",
    "State": "NY",
    "Zip": "13901",
    "Hours of Operation": "https://www.facebook.com/SalvationArmyBinghamton  MOBILE MEALS AND PANTRY",
    "Area Served": "All",
    "Deliveries?": "No",
    "Additional Services Offered": "Yes through Women and Girls Hygiene Pantry",
    "Drive Thru?": "No",
    "Contact": "Joseph Hansen",
    "Phone": "(607)722-2987",
    "Email": "joseph.hansen@use.salvationarmy.org",
    "latitude": 42.0961849,
    "longitude": -75.9140666
  },
  {
    "Type": "Community Meals",
    "Name": "St. Mary's of the Assumption",
    "Street": "152 Hawley St",
    "City": "Binghamton",
    "State": "NY",
    "Zip": "13901",
    "Hours of Operation": "Saturday 12:00pm-1:00pm",
    "Area Served": "Binghamton or anyone",
    "Deliveries?": "No",
    "Additional Services Offered": "No",
    "Drive Thru?": "No",
    "Contact": "Shannon Brooks",
    "Phone": "(607)723-5383",
    "Email": "shannon_brooks2003@yahoo.com",
    "latitude": 42.0986537,
    "longitude": -75.9046868
  },
  {
    "Type": "Community Meals",
    "Name": "City Church",
    "Street": "225 Washington St",
    "City": "Binghamton",
    "State": "NY",
    "Zip": "13901",
    "Hours of Operation": "Every Thurs 5pm; Every Sun 9am",
    "Area Served": "",
    "Deliveries?": "",
    "Additional Services Offered": "",
    "Drive Thru?": "",
    "Contact": "",
    "Phone": "607-723-7417",
    "Email": "",
    "latitude": 42.1014011,
    "longitude": -75.9127031
  },
  {
    "Type": "Community Meals",
    "Name": "Fairview UMC Community Meal",
    "Street": "254 Robinson St",
    "City": "Binghamton",
    "State": "NY",
    "Zip": "13904",
    "Hours of Operation": "2nd & 4th Monday 5:00pm-6:00pm",
    "Area Served": "Broome County, Binghamton School District, 13904, Eastside of Binghamton",
    "Deliveries?": "Yes",
    "Additional Services Offered": "Yes",
    "Drive Thru?": "No",
    "Contact": "Sue Boucher",
    "Phone": "(607)724-6886",
    "Email": "sdb13903@hotmail.com",
    "latitude": 42.1078541,
    "longitude": -75.8812949
  },
  {
    "Type": "Community Meals",
    "Name": "House of Worship",
    "Street": "93 Riverside Drive",
    "City": "Binghamton",
    "State": "NY",
    "Zip": "13905",
    "Hours of Operation": "Sunday 11:00am-12:00pm & Wednesday 4:00pm-5:00pm",
    "Area Served": "13905",
    "Deliveries?": "No",
    "Additional Services Offered": "Yes",
    "Drive Thru?": "No",
    "Contact": "Frank Barnett",
    "Phone": "(607)232-8338",
    "Email": "forgivefrank64@yahoo.com",
    "latitude": 42.0918247,
    "longitude": -75.9295309
  },
  {
    "Type": "Community Meals",
    "Name": "St. Michael's Community Meal",
    "Street": "296 Clinton St",
    "City": "Binghamton",
    "State": "NY",
    "Zip": "13905",
    "Hours of Operation": "The 2025 meal dates for the first half of the year are as follows: 5:30-7:00 PM GRAB AND GO  January 27,February 24,,March 24,,April 28, May 19, June 23,*All dates are subject to change. For updates, please follow our parish Facebook page!*",
    "Area Served": "Binghamton and surrounding areas",
    "Deliveries?": "Yes",
    "Additional Services Offered": "No",
    "Drive Thru?": "No",
    "Contact": "Barbara Knighton",
    "Phone": "(607)621-6079",
    "Email": "bknight@binghamton.edu",
    "latitude": 42.1087486,
    "longitude": -75.9337684
  },
  {
    "Type": "Community Meals",
    "Name": "Tabernacle UMC meal site",
    "Street": "83 Main St",
    "City": "Binghamton",
    "State": "NY",
    "Zip": "13905",
    "Hours of Operation": "Wednesday 5:00pm-6:30pm",
    "Area Served": "Binghamton",
    "Deliveries?": "No",
    "Additional Services Offered": "No",
    "Drive Thru?": "No",
    "Contact": "Vanessa Whitmore",
    "Phone": "(607)723-8983",
    "Email": "vhounded14@gmail.com",
    "latitude": 42.100166,
    "longitude": -75.924375
  },
  {
    "Type": "Community Meals",
    "Name": "Trinity Memorial Canteen",
    "Street": "44 main St",
    "City": "Binghamton",
    "State": "NY",
    "Zip": "13905",
    "Hours of Operation": "Lunch starting at 11:30",
    "Area Served": "",
    "Deliveries?": "",
    "Additional Services Offered": "",
    "Drive Thru?": "",
    "Contact": "",
    "Phone": "",
    "Email": "",
    "latitude": 42.0995052,
    "longitude": -75.9193413
  },
  {
    "Type": "Community Meals",
    "Name": "YMCA- Mens Supportive Living",
    "Street": "61 Susquehanna St",
    "City": "Binghamton",
    "State": "NY",
    "Zip": "13901",
    "Hours of Operation": "Breakfast: Mon-Friday 9:30-10:15; Bread Line: Monday-Friday 12-1; Dinners: M,Th.Fri, Sat,Sun 5-5:45",
    "Area Served": "",
    "Deliveries?": "",
    "Additional Services Offered": "",
    "Drive Thru?": "",
    "Contact": "",
    "Phone": "",
    "Email": "",
    "latitude": 42.0956468,
    "longitude": -75.9108738
  },
  {
    "Type": "Community Meals",
    "Name": "Islamic Awarness Center",
    "Street": "74 Conklin Ave",
    "City": "Binghamton",
    "State": "NY",
    "Zip": "13903",
    "Hours of Operation": "Saturday 11-1",
    "Area Served": "Community Meal Saturday 11-1 is on hold. will contact 211 when it starts back up.",
    "Deliveries?": "",
    "Additional Services Offered": "",
    "Drive Thru?": "",
    "Contact": "",
    "Phone": "607-723-0966",
    "Email": "",
    "latitude": 42.0924797,
    "longitude": -75.9082832
  },
  {
    "Type": "Community Meals",
    "Name": "Southside Free Community-Conklin Ave first Baptist",
    "Street": "91 Baldwin St",
    "City": "Binghamton",
    "State": "NY",
    "Zip": "13903",
    "Hours of Operation": "Last Monday 5:00 pm",
    "Area Served": "",
    "Deliveries?": "",
    "Additional Services Offered": "",
    "Drive Thru?": "",
    "Contact": "",
    "Phone": "607-724-1252",
    "Email": "",
    "latitude": 42.0961679,
    "longitude": -75.8917026
  },
  {
    "Type": "Community Meals",
    "Name": "Shepherd's Bowl, Anglican Church of the Good Shepherd",
    "Street": "360 Conklin Ave",
    "City": "Binghamton",
    "State": "NY",
    "Zip": "13903",
    "Hours of Operation": "Every Thursday 5:30-6:30",
    "Area Served": "",
    "Deliveries?": "",
    "Additional Services Offered": "",
    "Drive Thru?": "",
    "Contact": "",
    "Phone": "607-723-8032",
    "Email": "",
    "latitude": 42.0984828,
    "longitude": -75.8821991
  },
  {
    "Type": "Community Meals",
    "Name": "Boulevard UMC",
    "Street": "113 Grand Ave",
    "City": "Binghamton",
    "State": "NY",
    "Zip": "13905",
    "Hours of Operation": "1st, 3rd & 5th Saturdays 5-5:30pm take out only",
    "Area Served": "",
    "Deliveries?": "",
    "Additional Services Offered": "",
    "Drive Thru?": "",
    "Contact": "",
    "Phone": "607-797-5675",
    "Email": "",
    "latitude": 42.1107423,
    "longitude": -75.9530948
  },
  {
    "Type": "Community Meals",
    "Name": "St Patrick's Sandwich Ministry",
    "Street": "9 Leroy St",
    "City": "Binghamton",
    "State": "NY",
    "Zip": "13905",
    "Hours of Operation": "Weekday Bagged Lunch",
    "Area Served": "",
    "Deliveries?": "",
    "Additional Services Offered": "",
    "Drive Thru?": "",
    "Contact": "",
    "Phone": "607-722-1060",
    "Email": "",
    "latitude": 42.0948229,
    "longitude": -75.9200364
  },
  {
    "Type": "Community Meals",
    "Name": "NOMA- First Congregational Church/Binghamton Food Rescue",
    "Street": "30 Main St",
    "City": "Binghamton",
    "State": "NY",
    "Zip": "13905",
    "Hours of Operation": "Saturdays  Lunch 12:30-1:30.  Binghamton Food Rescue food distribution 1:30PM.    Hygiene Pantry open Monday 11:30-1:30",
    "Area Served": "All",
    "Deliveries?": "",
    "Additional Services Offered": "",
    "Drive Thru?": "",
    "Contact": "Bryce Reynolds",
    "Phone": "",
    "Email": "GoToBryce@gmail.com",
    "latitude": 42.0991575,
    "longitude": -75.9181362
  },
  {
    "Type": "Community Meals",
    "Name": "Friendship Table First UMC",
    "Street": "109 Second St",
    "City": "Deposit",
    "State": "NY",
    "Zip": "13754",
    "Hours of Operation": "Every 4th Wednesday 4:30-6PM",
    "Area Served": "",
    "Deliveries?": "",
    "Additional Services Offered": "",
    "Drive Thru?": "",
    "Contact": "",
    "Phone": "607-467-4000",
    "Email": "",
    "latitude": null,
    "longitude": null
  },
  {
    "Type": "Community Meals",
    "Name": "Central United Methodist Church Meal Site",
    "Street": "17 Nanticoke Ave",
    "City": "Endicott",
    "State": "NY",
    "Zip": "13760",
    "Hours of Operation": "Thursday 4:30pm-6:00pm",
    "Area Served": "Greater Endicott Area",
    "Deliveries?": "No",
    "Additional Services Offered": "No",
    "Drive Thru?": "Take out meals",
    "Contact": "Knud Hansen",
    "Phone": "607-759-3378",
    "Email": "khansen3@yahoo.com",
    "latitude": 42.0974754,
    "longitude": -76.0653497
  },
  {
    "Type": "Community Meals",
    "Name": "Our Lady of Good Counsel",
    "Street": "701 W Main St",
    "City": "Endicott",
    "State": "NY",
    "Zip": "13760",
    "Hours of Operation": "Friday's 5:30-6:30",
    "Area Served": "Greater Endicott Area",
    "Deliveries?": "",
    "Additional Services Offered": "",
    "Drive Thru?": "",
    "Contact": "Melanie Gleason",
    "Phone": "607-748-7417",
    "Email": "mgleason@syrdio.org",
    "latitude": 42.0929667,
    "longitude": -76.0795185
  },
  {
    "Type": "Community Meals",
    "Name": "Endwell UMC Community Meal",
    "Street": "3301 Watson Blvd",
    "City": "Endwell",
    "State": "NY",
    "Zip": "13760",
    "Hours of Operation": "Monday 3:15 pm-5:15pm",
    "Area Served": "Endwell, Endicott, Johnson City",
    "Deliveries?": "Yes, please call (607)754-5735",
    "Additional Services Offered": "No",
    "Drive Thru?": "No",
    "Contact": "David Alexander",
    "Phone": "(607)754-5735",
    "Email": "dalexander4@stny.rr.com",
    "latitude": 42.1113368,
    "longitude": -76.0219419
  },
  {
    "Type": "Community Meals",
    "Name": "First Presbyterian Church",
    "Street": "2 Main St",
    "City": "Johnson City",
    "State": "NY",
    "Zip": "13790",
    "Hours of Operation": "Wednesday 4:30pm-5:30pm, doors open at 4:00",
    "Area Served": "",
    "Deliveries?": "",
    "Additional Services Offered": "Hygiene products, Safe Showers (by appt)",
    "Drive Thru?": "",
    "Contact": "",
    "Phone": "607-797-0836",
    "Email": "",
    "latitude": 42.1111703,
    "longitude": -75.9455832
  },
  {
    "Type": "Community Meals",
    "Name": "All Saints Episcopal Church",
    "Street": "475 Main St",
    "City": "Johnson City",
    "State": "NY",
    "Zip": "13790",
    "Hours of Operation": "Every Saturday 12-1PM",
    "Area Served": "All Welcome",
    "Deliveries?": "No",
    "Additional Services Offered": "No",
    "Drive Thru?": "No",
    "Contact": "Debbie Thorpe",
    "Phone": "607-797-3354",
    "Email": "dthorpe@stny.rr.com",
    "latitude": 42.115779,
    "longitude": -75.965693
  },
  {
    "Type": "Community Meals",
    "Name": "Whitney Point UMC",
    "Street": "7313 Collins St",
    "City": "Whitney Point",
    "State": "NY",
    "Zip": "13862",
    "Hours of Operation": "2nd & last Thursday 4:30-6PM",
    "Area Served": "You must call to pre-register",
    "Deliveries?": "",
    "Additional Services Offered": "",
    "Drive Thru?": "",
    "Contact": "",
    "Phone": "607-692-3638",
    "Email": "",
    "latitude": 42.3277945,
    "longitude": -75.965735
  },
  {
    "Type": "Community Meals",
    "Name": "MOW for Western Broome County",
    "Street": "705 West Main St",
    "City": "Endicott",
    "State": "NY",
    "Zip": "13760",
    "Hours of Operation": "",
    "Area Served": "Serving Endicott, Endwell, Vestal, Johnson City, and Maine, NY",
    "Deliveries?": "Yes",
    "Additional Services Offered": "",
    "Drive Thru?": "",
    "Contact": "View",
    "Phone": "607-754-7856",
    "Email": "",
    "latitude": 42.0927224,
    "longitude": -76.0798866
  },
  {
    "Type": "Community Meals",
    "Name": "MOW Broome County",
    "Street": "60 Hawley St.",
    "City": "Binghamton",
    "State": "NY",
    "Zip": "13901",
    "Hours of Operation": "",
    "Area Served": "",
    "Deliveries?": "Yes",
    "Additional Services Offered": "",
    "Drive Thru?": "",
    "Contact": "",
    "Phone": "607-778-2411",
    "Email": "ofa@broomecountyny.gov",
    "latitude": 42.0965624,
    "longitude": -75.9107654
  },
  {
    "Type": "Community Meals",
    "Name": "Mt. Sinai Church",
    "Street": "126 South Washington St",
    "City": "Binghamton",
    "State": "NY",
    "Zip": "13903",
    "Hours of Operation": "Every Wednesday 3-5PM",
    "Area Served": "Broome County",
    "Deliveries?": "",
    "Additional Services Offered": "",
    "Drive Thru?": "",
    "Contact": "",
    "Phone": "607-723-2361",
    "Email": "",
    "latitude": 42.0830511,
    "longitude": -75.912875
  },
  {
    "Type": "Community Meals",
    "Name": "Sarah Jane Johnson Lord's Supper",
    "Street": "308 Main St.",
    "City": "Johnson City",
    "State": "NY",
    "Zip": "13790",
    "Hours of Operation": "Every Tuesday , Dine in or Take Out, 5:00-6:00PM",
    "Area Served": "All",
    "Deliveries?": "Free Bikes - website",
    "Additional Services Offered": "yes, call 607-797-3938",
    "Drive Thru?": "Dine In/Take Out",
    "Contact": "Linda Guile",
    "Phone": "607-797-3938",
    "Email": "www.sarahjanechurch.org",
    "latitude": 42.1155612,
    "longitude": -75.9577615
  },
  {
    "Type": "Community Meals",
    "Name": "St James Church",
    "Street": "130 Main St.",
    "City": "Johnson City",
    "State": "NY",
    "Zip": "13790",
    "Hours of Operation": "On the second Sunday of each month, from 3 to 4 p.m.",
    "Area Served": "Everyone",
    "Deliveries?": "No",
    "Additional Services Offered": "No",
    "Drive Thru?": "NO",
    "Contact": "",
    "Phone": "For more information, call (607)341-8263.",
    "Email": "",
    "latitude": 42.1130538,
    "longitude": -75.9505042
  },
  {
    "Type": "Community Meals",
    "Name": "Dottie's Kitchen INC",
    "Street": "2614 State Route 12",
    "City": "Chenango Forks",
    "State": "NY",
    "Zip": "13746",
    "Hours of Operation": "Monday, Tuesday, and Thursday 11:00 AM - 1:00 PM and 3:00 PM - 6:00 PM for pick up.  Call 607-204-0002",
    "Area Served": "Everyone",
    "Deliveries?": "Not yet",
    "Additional Services Offered": "No",
    "Drive Thru?": "No",
    "Contact": "Elizabeth Barse",
    "Phone": "607-204-0002",
    "Email": "https://www.facebook.com/profile.php?id=100089199129553",
    "latitude": null,
    "longitude": null
  },
  {
    "Type": "Food Pantries",
    "Name": "Catherine's Cupboard",
    "Street": "1031 Chenango St",
    "City": "Binghamton",
    "State": "NY",
    "Zip": "13901",
    "Hours of Operation": "1st & 3rd Tuesday 5:00pm-7:00pm, or until all are served",
    "Area Served": "Broome County",
    "Deliveries?": "No",
    "Additional Services Offered": "No",
    "Drive Thru?": "No",
    "Contact": "Bev Krinik",
    "Phone": "",
    "Email": "bevkrinik@aol.com",
    "latitude": 42.1448936,
    "longitude": -75.8908656
  },
  {
    "Type": "Food Pantries",
    "Name": "Lee Barta",
    "Street": "108 Liberty St",
    "City": "Binghamton",
    "State": "NY",
    "Zip": "13901",
    "Hours of Operation": "Wednesdays 10:30am - 12:00pm",
    "Area Served": "Northside of Binghamton, Roosevelt Elementary, 13901",
    "Deliveries?": "No",
    "Additional Services Offered": "Yes, Personal care items, household items, cleaning supplies, pet food, Diapers (child/adult)",
    "Drive Thru?": "No",
    "Contact": "Jacob Rotary",
    "Phone": "607-238-1005",
    "Email": "Jrotary@uwbroome.org",
    "latitude": 42.1091696,
    "longitude": -75.8995688
  },
  {
    "Type": "Food Pantries",
    "Name": "Salvation Army FP- Binghamton",
    "Street": "127-131 Washington St",
    "City": "Binghamton",
    "State": "NY",
    "Zip": "13901",
    "Hours of Operation": "https://www.facebook.com/SalvationArmyBinghamton  MOBILE MEALS AND PANTRY",
    "Area Served": "Broome County Resident",
    "Deliveries?": "No",
    "Additional Services Offered": "Yes, Personal items,household items,cleaning supplies, Pet food, Diapers child/adult, medicaid/medicare enrollment assistance",
    "Drive Thru?": "No",
    "Contact": "Captain Joe Hansen",
    "Phone": "(607)722-2987",
    "Email": "Joseph.Hansen@use.salvationarmy.org",
    "latitude": 42.0961849,
    "longitude": -75.9140666
  },
  {
    "Type": "Food Pantries",
    "Name": "Valley Christian Church",
    "Street": "1452 River Rd",
    "City": "Binghamton",
    "State": "NY",
    "Zip": "13901",
    "Hours of Operation": "Wednesday 5:00pm-6:00pm",
    "Area Served": "All",
    "Deliveries?": "No",
    "Additional Services Offered": "Household items/cleaning supplies",
    "Drive Thru?": "No",
    "Contact": "Al Vos",
    "Phone": "(607)754-6302",
    "Email": "alvin.vos@gmail.com",
    "latitude": 42.1977799,
    "longitude": -75.8548302
  },
  {
    "Type": "Food Pantries",
    "Name": "City Church",
    "Street": "225 Washington St",
    "City": "Binghamton",
    "State": "NY",
    "Zip": "13901",
    "Hours of Operation": "2nd & 4th Thursday 5-6",
    "Area Served": "Broome County, CHOW",
    "Deliveries?": "",
    "Additional Services Offered": "",
    "Drive Thru?": "",
    "Contact": "",
    "Phone": "607-723-7417",
    "Email": "",
    "latitude": 42.1014011,
    "longitude": -75.9127031
  },
  {
    "Type": "Food Pantries",
    "Name": "Community Pantry of UPC",
    "Street": "42 Chenango St",
    "City": "Binghamton",
    "State": "NY",
    "Zip": "13901",
    "Hours of Operation": "Wednesday 12:00pm-5:00pm",
    "Area Served": "Broome County and Surrounding Areas",
    "Deliveries?": "No",
    "Additional Services Offered": "Yes",
    "Drive Thru?": "No",
    "Contact": "Sherry Conklin",
    "Phone": "(607)722-4219",
    "Email": "meal@upcbgm.org",
    "latitude": 42.1000926,
    "longitude": -75.9097868
  },
  {
    "Type": "Food Pantries",
    "Name": "Broome County Urban League",
    "Street": "43-45 Carrol St",
    "City": "Binghamton",
    "State": "NY",
    "Zip": "13901",
    "Hours of Operation": "Lists CHOW as a partner but could not find pantry on site",
    "Area Served": "",
    "Deliveries?": "",
    "Additional Services Offered": "",
    "Drive Thru?": "",
    "Contact": "",
    "Phone": "",
    "Email": "",
    "latitude": null,
    "longitude": null
  },
  {
    "Type": "Food Pantries",
    "Name": "Centenary UMC Food Pantry",
    "Street": "438 Chenango St",
    "City": "Binghamton",
    "State": "NY",
    "Zip": "13901",
    "Hours of Operation": "Thursday 5:00pm-6:00pm",
    "Area Served": "Northside Binghamton or anyone",
    "Deliveries?": "No",
    "Additional Services Offered": "No",
    "Drive Thru?": "No",
    "Contact": "Eleanor Stethers",
    "Phone": "(607)724-3546",
    "Email": "estethers55@gmail.com",
    "latitude": 42.1120552,
    "longitude": -75.9022926
  },
  {
    "Type": "Food Pantries",
    "Name": "Citizen Action",
    "Street": "477 State St",
    "City": "Binghamton",
    "State": "NY",
    "Zip": "13901",
    "Hours of Operation": "",
    "Area Served": "",
    "Deliveries?": "",
    "Additional Services Offered": "",
    "Drive Thru?": "",
    "Contact": "",
    "Phone": "",
    "Email": "",
    "latitude": 42.1089777,
    "longitude": -75.9036743
  },
  {
    "Type": "Food Pantries",
    "Name": "YMCA- Mens Supportive Living",
    "Street": "61 Susquehanna St",
    "City": "Binghamton",
    "State": "NY",
    "Zip": "13901",
    "Hours of Operation": "Mon-Friday 10-2:00pm",
    "Area Served": "",
    "Deliveries?": "",
    "Additional Services Offered": "",
    "Drive Thru?": "",
    "Contact": "",
    "Phone": "",
    "Email": "",
    "latitude": 42.0956468,
    "longitude": -75.9108738
  },
  {
    "Type": "Food Pantries",
    "Name": "Community Baptist",
    "Street": "743 Chenango St",
    "City": "Binghamton",
    "State": "NY",
    "Zip": "13901",
    "Hours of Operation": "Mon & Tues 5-6 pm",
    "Area Served": "",
    "Deliveries?": "",
    "Additional Services Offered": "",
    "Drive Thru?": "",
    "Contact": "",
    "Phone": "607-723-1332",
    "Email": "",
    "latitude": 42.1345011,
    "longitude": -75.89654
  },
  {
    "Type": "Food Pantries",
    "Name": "The Landmark Church",
    "Street": "126 Court St",
    "City": "Binghamton",
    "State": "NY",
    "Zip": "13902",
    "Hours of Operation": "4th Sat 8-10AM",
    "Area Served": "",
    "Deliveries?": "",
    "Additional Services Offered": "",
    "Drive Thru?": "",
    "Contact": "",
    "Phone": "607-723-1127",
    "Email": "",
    "latitude": 42.099232,
    "longitude": -75.909012
  },
  {
    "Type": "Food Pantries",
    "Name": "Binghamton University Food Pantry",
    "Street": "4400 Vestal Parkway East - Iroquois Commons CIW Dining Hall",
    "City": "Binghamton",
    "State": "NY",
    "Zip": "13902",
    "Hours of Operation": "Monday - Friday 10AM-5:00PM * Summer Hours:  Tuesday & Thursday 10AM-1PM Wednesday 1-5PM Email BPANTRY@Binghamton. edu",
    "Area Served": "Binghamton University and Broome County       Students order online:  https://cglink.me/2eQ/s84255",
    "Deliveries?": "No",
    "Additional Services Offered": "No",
    "Drive Thru?": "No",
    "Contact": "matthew Pangburn & Alex Marone",
    "Phone": "(607)777-4668",
    "Email": "bpantry@binghamton.edu, mpangbu2@binghamton.edu, amarton2@binghamton.edu",
    "latitude": null,
    "longitude": null
  },
  {
    "Type": "Food Pantries",
    "Name": "Binghamton University Food Pantry - Satellite Health Science",
    "Street": "Health Sciences Campus (HSC) Pharmacy Building room 121",
    "City": "Johnson City",
    "State": "NY",
    "Zip": "13790",
    "Hours of Operation": "Monday and Wednesday 12:00-1:00, Friday 11-12 * NO SUMMER HOURS",
    "Area Served": "Students order online:  https://cglink.me/2eQ/s84255",
    "Deliveries?": "",
    "Additional Services Offered": "",
    "Drive Thru?": "",
    "Contact": "Amanda Padwa",
    "Phone": "",
    "Email": "apadwa@binghamton.edu",
    "latitude": null,
    "longitude": null
  },
  {
    "Type": "Food Pantries",
    "Name": "Binghamton University Food Pantry - Satellite University Downtown",
    "Street": "University Downtown Campus (UDC) Downtown Center room 448",
    "City": "Binghamton",
    "State": "NY",
    "Zip": "13902",
    "Hours of Operation": "Monday & Thursday 9:30-12:00, Tuesday 3:00 - 5:00 PM, Wednesday 10AM-3:00PM, Friday, 10AM-4:00PM *NO SUMMER HOURS",
    "Area Served": "Students order online: https://cglink.me/2eQ/s84255",
    "Deliveries?": "",
    "Additional Services Offered": "",
    "Drive Thru?": "",
    "Contact": "Stacy Marrow",
    "Phone": "",
    "Email": "smarrow@binghamton.edu",
    "latitude": null,
    "longitude": null
  },
  {
    "Type": "Food Pantries",
    "Name": "Loaves and Fishes Food Pantry - Binghamton",
    "Street": "25 1/2 Mill St",
    "City": "Binghamton",
    "State": "NY",
    "Zip": "13903",
    "Hours of Operation": "Monday & Wednesday 11:00am-1:00pm",
    "Area Served": "Binghamton South Side/School District",
    "Deliveries?": "No",
    "Additional Services Offered": "No",
    "Drive Thru?": "No",
    "Contact": "Carol Breehey",
    "Phone": "(607)724-5304",
    "Email": "cbreehey@stny.rr.com",
    "latitude": 42.0907984,
    "longitude": -75.9063843
  },
  {
    "Type": "Food Pantries",
    "Name": "Traci Cares-Ben Franklin elementary",
    "Street": "262 Conklin Ave",
    "City": "Binghamton",
    "State": "NY",
    "Zip": "13903",
    "Hours of Operation": "Tues. 12:30-3:00 & Friday 8:00 AM - 11:00 AM",
    "Area Served": "",
    "Deliveries?": "",
    "Additional Services Offered": "YES, Personal care items.  Medicaid enrollment assistance",
    "Drive Thru?": "",
    "Contact": "",
    "Phone": "607-762-8340",
    "Email": "",
    "latitude": 42.094734,
    "longitude": -75.8909545
  },
    {
    "Type": "School - Pantry",
    "Name": "Traci Cares-Ben Franklin elementary",
    "Street": "262 Conklin Ave",
    "City": "Binghamton",
    "State": "NY",
    "Zip": "13903",
    "Hours of Operation": "Tues. 12:30-3:00 & Friday 8:00 AM - 11:00 AM",
    "Area Served": "",
    "Deliveries?": "",
    "Additional Services Offered": "YES, Personal care items.  Medicaid enrollment assistance",
    "Drive Thru?": "",
    "Contact": "",
    "Phone": "607-762-8340",
    "Email": "",
    "latitude": 42.094734,
    "longitude": -75.8909545
  },
  {
    "Type": "Food Pantries",
    "Name": "Binghamton High School",
    "Street": "31 Main St. Binghamton",
    "City": "Binghamton",
    "State": "NY",
    "Zip": "13905",
    "Hours of Operation": "Monday-Friday  8:00-3:00",
    "Area Served": "Closed to the public",
    "Deliveries?": "No",
    "Additional Services Offered": "No",
    "Drive Thru?": "",
    "Contact": "Kevin Richman",
    "Phone": "607-762-8200",
    "Email": "richmank@binghamtonschools.org",
    "latitude": 42.0981573,
    "longitude": -75.9190909
  },
   {
    "Type": "School - Pantry",
    "Name": "Binghamton High School",
    "Street": "31 Main St. Binghamton",
    "City": "Binghamton",
    "State": "NY",
    "Zip": "13905",
    "Hours of Operation": "Monday-Friday  8:00-3:00",
    "Area Served": "Closed to the public",
    "Deliveries?": "No",
    "Additional Services Offered": "No",
    "Drive Thru?": "",
    "Contact": "Kevin Richman",
    "Phone": "607-762-8200",
    "Email": "richmank@binghamtonschools.org",
    "latitude": 42.0981573,
    "longitude": -75.9190909
  },
  {
    "Type": "Food Pantries",
    "Name": "BOCES East Learning Center",
    "Street": "164 Hawley St., Binghamton",
    "City": "Binghamton",
    "State": "NY",
    "Zip": "13901",
    "Hours of Operation": "Tuesday & thursday/ once per month 9AM - 1:30PM",
    "Area Served": "Closed to the public",
    "Deliveries?": "No",
    "Additional Services Offered": "diapers (child/adult)",
    "Drive Thru?": "",
    "Contact": "Bobby Yacuzzo",
    "Phone": "607-762-6400",
    "Email": "ryacuzzo@btboces.org",
    "latitude": 42.0987395,
    "longitude": -75.9035712
  },
    {
    "Type": "School - Pantry",
    "Name": "BOCES East Learning Center",
    "Street": "164 Hawley St., Binghamton",
    "City": "Binghamton",
    "State": "NY",
    "Zip": "13901",
    "Hours of Operation": "Tuesday & thursday/ once per month 9AM - 1:30PM",
    "Area Served": "Closed to the public",
    "Deliveries?": "No",
    "Additional Services Offered": "diapers (child/adult)",
    "Drive Thru?": "",
    "Contact": "Bobby Yacuzzo",
    "Phone": "607-762-6400",
    "Email": "ryacuzzo@btboces.org",
    "latitude": 42.0987395,
    "longitude": -75.9035712
  },
  {
    "Type": "Food Pantries",
    "Name": "BT BOCES - Simply Pawsitive",
    "Street": "435 Glenwood Rd",
    "City": "Binghamton",
    "State": "NY",
    "Zip": "13905",
    "Hours of Operation": "M-F 8:30-10:30/11:30-1:30",
    "Area Served": "Closed to the public",
    "Deliveries?": "No",
    "Additional Services Offered": "Clothing, Personal care items, cleaning supplies",
    "Drive Thru?": "No",
    "Contact": "Nicole Quick",
    "Phone": "607-205-7983",
    "Email": "csquire@btboces.org",
    "latitude": 42.1297353,
    "longitude": -75.9318236
  },
    {
    "Type": "School - Pantry",
    "Name": "BT BOCES - Simply Pawsitive",
    "Street": "435 Glenwood Rd",
    "City": "Binghamton",
    "State": "NY",
    "Zip": "13905",
    "Hours of Operation": "M-F 8:30-10:30/11:30-1:30",
    "Area Served": "Closed to the public",
    "Deliveries?": "No",
    "Additional Services Offered": "Clothing, Personal care items, cleaning supplies",
    "Drive Thru?": "No",
    "Contact": "Nicole Quick",
    "Phone": "607-205-7983",
    "Email": "csquire@btboces.org",
    "latitude": 42.1297353,
    "longitude": -75.9318236
  },
  {
    "Type": "Food Pantries",
    "Name": "Islamic Awarness Center",
    "Street": "74 Conklin Ave",
    "City": "Binghamton",
    "State": "NY",
    "Zip": "13903",
    "Hours of Operation": "Saturday 11-1",
    "Area Served": "",
    "Deliveries?": "",
    "Additional Services Offered": "",
    "Drive Thru?": "",
    "Contact": "",
    "Phone": "607-723-0966",
    "Email": "",
    "latitude": 42.0924797,
    "longitude": -75.9082832
  },
  {
    "Type": "Food Pantries",
    "Name": "Conklin Ave Baptist",
    "Street": "91 Baldwin St",
    "City": "Binghamton",
    "State": "NY",
    "Zip": "13903",
    "Hours of Operation": "Monday 12-1, Wednesday 12-1, Fri. 12-1",
    "Area Served": "",
    "Deliveries?": "",
    "Additional Services Offered": "",
    "Drive Thru?": "",
    "Contact": "",
    "Phone": "607-724-1252",
    "Email": "",
    "latitude": 42.0961679,
    "longitude": -75.8917026
  },
  {
    "Type": "Food Pantries",
    "Name": "Project Concern",
    "Street": "23 Kattelville Rd",
    "City": "Binghamton",
    "State": "NY",
    "Zip": "13904",
    "Hours of Operation": "Monday, Tuesday, & Thursday 12:00pm-3:30pm & Saturday 9:00am-11:30pm",
    "Area Served": "Broome and Chenango Counties",
    "Deliveries?": "Yes",
    "Additional Services Offered": "Yes, clothing, personal care items, Household items, cleaning supplies, pet food, Diapers (child/adult)",
    "Drive Thru?": "No",
    "Contact": "Linda Walsh",
    "Phone": "(607)648-2492",
    "Email": "mother.walsh@gmail.com",
    "latitude": 42.1714818,
    "longitude": -75.8733734
  },
  {
    "Type": "Food Pantries",
    "Name": "Fairview UMC Food Pantry",
    "Street": "254 Robinson St",
    "City": "Binghamton",
    "State": "NY",
    "Zip": "13904",
    "Hours of Operation": "1st & 3rd Monday 4:00pm-5:30pm; 1st & 3rd Wed 11:30-12:30; Diaper Giveaway 1st Wed. 11:30-12:30",
    "Area Served": "Primarily east side of Binghamton, Binghamton School District, Binghamton, NY 13904",
    "Deliveries?": "No",
    "Additional Services Offered": "Yes",
    "Drive Thru?": "No",
    "Contact": "Karen Gdovin",
    "Phone": "(607)724-6886",
    "Email": "krgdo@aol.com",
    "latitude": 42.1078541,
    "longitude": -75.8812949
  },
  {
    "Type": "Food Pantries",
    "Name": "East Side Congregation",
    "Street": "284 Robinson St",
    "City": "Binghamton",
    "State": "NY",
    "Zip": "13904",
    "Hours of Operation": "Wednesday 10:30am-11:30am",
    "Area Served": "13904",
    "Deliveries?": "No",
    "Additional Services Offered": "",
    "Drive Thru?": "No",
    "Contact": "Sue Frost",
    "Phone": "(607)765-2698",
    "Email": "slfrosty115@gmail.com",
    "latitude": 42.1080675,
    "longitude": -75.8780842
  },
  {
    "Type": "Food Pantries",
    "Name": "Hornet Hope Center",
    "Street": "907 Front St Science BLDG Room 208 B&C",
    "City": "Binghamton",
    "State": "NY",
    "Zip": "13905",
    "Hours of Operation": "STUDENTS ONLY:  M-F - 9:00 - 4:00",
    "Area Served": "Just Students",
    "Deliveries?": "No",
    "Additional Services Offered": "If available",
    "Drive Thru?": "No",
    "Contact": "Lorie Brewer",
    "Phone": "(607) 778-5449",
    "Email": "broomepantry@sunybroome.edu",
    "latitude": null,
    "longitude": null
  },
  {
    "Type": "Food Pantries",
    "Name": "CC.Broome/100 Main St Pantry",
    "Street": "100 Main St.",
    "City": "Binghamton",
    "State": "NY",
    "Zip": "13905",
    "Hours of Operation": "9-11:30 and 1-3:30 Monday, Wednesday, Thursday and Friday and 1-3:30 Tuesday.",
    "Area Served": "Broome",
    "Deliveries?": "Yes",
    "Additional Services Offered": "Yes, SNAP, HEAP, Medicaid, Medicare assistance with enrollment, personal care items diapers (child/adult) For the unhoused: sleeping bags, can openers, backpacks, socks, hats, gloves",
    "Drive Thru?": "No",
    "Contact": "Michelle Dow",
    "Phone": "(607)723-4563",
    "Email": "mdow@CCBC.net",
    "latitude": 42.1009925,
    "longitude": -75.9256714
  },
  {
    "Type": "Food Pantries",
    "Name": "Boulevard UMC",
    "Street": "113 Grand Ave",
    "City": "Binghamton",
    "State": "NY",
    "Zip": "13905",
    "Hours of Operation": "Tue & Friday 12:30-2:30",
    "Area Served": "",
    "Deliveries?": "",
    "Additional Services Offered": "",
    "Drive Thru?": "",
    "Contact": "",
    "Phone": "607-797-5675",
    "Email": "",
    "latitude": 42.1107423,
    "longitude": -75.9530948
  },
  {
    "Type": "Food Pantries",
    "Name": "Greater Faith & Deliverance Ministries",
    "Street": "219 Oak St",
    "City": "Binghamton",
    "State": "NY",
    "Zip": "13905",
    "Hours of Operation": "",
    "Area Served": "",
    "Deliveries?": "",
    "Additional Services Offered": "",
    "Drive Thru?": "",
    "Contact": "Susan Haywood",
    "Phone": "910-431-9466",
    "Email": "",
    "latitude": 42.1083411,
    "longitude": -75.9170212
  },
  {
    "Type": "Food Pantries",
    "Name": "S.T.A.P. Southern Tier AIDS Program",
    "Street": "Carriage House on Oak st behind main building, 22 Riverside Dr",
    "City": "Binghamton",
    "State": "NY",
    "Zip": "13905",
    "Hours of Operation": "Thursday 10:00am-5:00pm",
    "Area Served": "Broome and Surrounding Counties",
    "Deliveries?": "No",
    "Additional Services Offered": "Yes",
    "Drive Thru?": "No",
    "Contact": "Billie Jo Wilmot",
    "Phone": "(607)798-1706",
    "Email": "bwilmott@stapinc.org",
    "latitude": null,
    "longitude": null
  },
  {
    "Type": "Food Pantries",
    "Name": "Stepping Stone Drop In",
    "Street": "277 Front St",
    "City": "Binghamton",
    "State": "NY",
    "Zip": "13905",
    "Hours of Operation": "Could not find info on pantry on site",
    "Area Served": "",
    "Deliveries?": "",
    "Additional Services Offered": "",
    "Drive Thru?": "",
    "Contact": "",
    "Phone": "",
    "Email": "",
    "latitude": 42.1081775,
    "longitude": -75.9151063
  },
  {
    "Type": "Food Pantries",
    "Name": "St. Michael's Orthodox Church Pantry",
    "Street": "296 Clinton St",
    "City": "Binghamton",
    "State": "NY",
    "Zip": "13905",
    "Hours of Operation": "The last Saturday of every month from noon - 2:00 pm",
    "Area Served": "Binghamton and surrounding areas",
    "Deliveries?": "Yes",
    "Additional Services Offered": "Yes",
    "Drive Thru?": "No",
    "Contact": "Barbara Knighton",
    "Phone": "(607)621-6079",
    "Email": "homeinteriors@binghamton.edu",
    "latitude": 42.1087486,
    "longitude": -75.9337684
  },
  {
    "Type": "Food Pantries",
    "Name": "St. Patrick's Roman Catholic Church",
    "Street": "58 Oak St",
    "City": "Binghamton",
    "State": "NY",
    "Zip": "13905",
    "Hours of Operation": "Monday, Wednesday & Friday 11:00am-1:00pm",
    "Area Served": "Broome County, CHOW",
    "Deliveries?": "No",
    "Additional Services Offered": "No",
    "Drive Thru?": "No",
    "Contact": "Jim Wolf",
    "Phone": "(607)760-7745",
    "Email": "jwolf@binghamton.edu",
    "latitude": 42.0956034,
    "longitude": -75.9201369
  },
  {
    "Type": "Food Pantries",
    "Name": "Redeemer Lutheran Food Pantry",
    "Street": "72 Main St",
    "City": "Binghamton",
    "State": "NY",
    "Zip": "13905",
    "Hours of Operation": "Every Last Saturday 1-2:30PM",
    "Area Served": "",
    "Deliveries?": "",
    "Additional Services Offered": "",
    "Drive Thru?": "",
    "Contact": "",
    "Phone": "607-722-1029",
    "Email": "",
    "latitude": 42.1000209,
    "longitude": -75.9224306
  },
  {
    "Type": "Food Pantries",
    "Name": "Salvation Temple Church",
    "Street": "83-87 Walnut St",
    "City": "Binghamton",
    "State": "NY",
    "Zip": "13905",
    "Hours of Operation": "1st & 3rd Saturday: 12-3pm/ Every Sunday 12-3pm",
    "Area Served": "Broome County, CHOW",
    "Deliveries?": "",
    "Additional Services Offered": "",
    "Drive Thru?": "",
    "Contact": "Diane",
    "Phone": "607-374-9110",
    "Email": "ministerdiane99@gmail.com",
    "latitude": 42.0987357,
    "longitude": -75.9238371
  },
  {
    "Type": "Food Pantries",
    "Name": "Temple Concord",
    "Street": "9 Riverside Dr",
    "City": "Binghamton",
    "State": "NY",
    "Zip": "13905",
    "Hours of Operation": "Thursday 5:30pm-7:00pm",
    "Area Served": "Broome County",
    "Deliveries?": "No",
    "Additional Services Offered": "No",
    "Drive Thru?": "No",
    "Contact": "Phyllis Kellenberger",
    "Phone": "(607)723-7355",
    "Email": "pweinste@stny.rr.com",
    "latitude": 42.0923894,
    "longitude": -75.9214319
  },
  {
    "Type": "Food Pantries",
    "Name": "St Patrick's",
    "Street": "9 Leroy St",
    "City": "Binghamton",
    "State": "NY",
    "Zip": "13905",
    "Hours of Operation": "Mon 4-6, wed/Fri 11:30-1:30",
    "Area Served": "CHOW, call CHOW for referral",
    "Deliveries?": "",
    "Additional Services Offered": "",
    "Drive Thru?": "",
    "Contact": "",
    "Phone": "607-722-1060",
    "Email": "",
    "latitude": 42.0948229,
    "longitude": -75.9200364
  },
  {
    "Type": "Food Pantries",
    "Name": "New Beginning Apostolic church",
    "Street": "1288 Vestal Ave",
    "City": "Binghamton",
    "State": "NY",
    "Zip": "13903",
    "Hours of Operation": "2nd & 4th Saturday 12:00-2:00PM",
    "Area Served": "",
    "Deliveries?": "",
    "Additional Services Offered": "",
    "Drive Thru?": "",
    "Contact": "Ingrid Constable-Clarke",
    "Phone": "347-831-7530",
    "Email": "iconstableclarke@gmail.com",
    "latitude": 42.0904611,
    "longitude": -75.9051354
  },
  {
    "Type": "Food Pantries",
    "Name": "St. Marks",
    "Street": "728 River Rd",
    "City": "Chenango Bridge",
    "State": "NY",
    "Zip": "13745",
    "Hours of Operation": "11-12 Tuesday-Thursday",
    "Area Served": "Broome County, CHOW",
    "Deliveries?": "No",
    "Additional Services Offered": "No",
    "Drive Thru?": "No",
    "Contact": "Irma Thrall",
    "Phone": "607-648-8193",
    "Email": "ithrall@stny.rr.com",
    "latitude": 42.16705,
    "longitude": -75.8663782
  },
  {
    "Type": "Food Pantries",
    "Name": "Deposit Food Pantry",
    "Street": "91 Second St",
    "City": "Deposit",
    "State": "NY",
    "Zip": "13754",
    "Hours of Operation": "Thursday 3-6PM",
    "Area Served": "",
    "Deliveries?": "",
    "Additional Services Offered": "",
    "Drive Thru?": "",
    "Contact": "Kelly Short",
    "Phone": "607-746-1685",
    "Email": "",
    "latitude": null,
    "longitude": null
  },
  {
    "Type": "Food Pantries",
    "Name": "Deposit School Food Center",
    "Street": "171 Second St.",
    "City": "Deposit",
    "State": "NY",
    "Zip": "13905",
    "Hours of Operation": "Tues. 8:30-11 & Wed. 11:30AM-2:00PM",
    "Area Served": "OPEN to the public",
    "Deliveries?": "No",
    "Additional Services Offered": "Personal care items, diapers (child/adult), cleaning supplies",
    "Drive Thru?": "",
    "Contact": "Laura Bigelow",
    "Phone": "",
    "Email": "lbigelow@deposit.stier.org",
    "latitude": null,
    "longitude": null
  },
    {
    "Type": "School - Pantry",
    "Name": "Deposit School Food Center",
    "Street": "171 Second St.",
    "City": "Deposit",
    "State": "NY",
    "Zip": "13905",
    "Hours of Operation": "Tues. 8:30-11 & Wed. 11:30AM-2:00PM",
    "Area Served": "OPEN to the public",
    "Deliveries?": "No",
    "Additional Services Offered": "Personal care items, diapers (child/adult), cleaning supplies",
    "Drive Thru?": "",
    "Contact": "Laura Bigelow",
    "Phone": "",
    "Email": "lbigelow@deposit.stier.org",
    "latitude": null,
    "longitude": null
  },
  {
    "Type": "Food Pantries",
    "Name": "St. Anthony Food Pantry",
    "Street": "906 Jenkins St. (East Parking Lot)",
    "City": "Endicott",
    "State": "NY",
    "Zip": "13760",
    "Hours of Operation": "Tuesday 10:00am-11:45am & 5:30pm-6:45pm Thursday 10:00am-11:45am",
    "Area Served": "13760",
    "Deliveries?": "No",
    "Additional Services Offered": "No",
    "Drive Thru?": "No",
    "Contact": "Nick Diles",
    "Phone": "(607)754-4333",
    "Email": "stanthonyfoodpantry@stny.rr.com",
    "latitude": null,
    "longitude": null
  },
  {
    "Type": "Food Pantries",
    "Name": "Family Support Center - UE schools district office",
    "Street": "1100 E Main St",
    "City": "Endicott",
    "State": "NY",
    "Zip": "13760",
    "Hours of Operation": "Wed 5-6:30pm, Thurs 12-1, Friday 12-1",
    "Area Served": "",
    "Deliveries?": "",
    "Additional Services Offered": "",
    "Drive Thru?": "",
    "Contact": "",
    "Phone": "607-757-2501",
    "Email": "",
    "latitude": 42.0968826,
    "longitude": -76.0507646
  },
    {
    "Type": "School - Pantry",
    "Name": "Family Support Center - UE schools district office",
    "Street": "1100 E Main St",
    "City": "Endicott",
    "State": "NY",
    "Zip": "13760",
    "Hours of Operation": "Wed 5-6:30pm, Thurs 12-1, Friday 12-1",
    "Area Served": "",
    "Deliveries?": "",
    "Additional Services Offered": "",
    "Drive Thru?": "",
    "Contact": "",
    "Phone": "607-757-2501",
    "Email": "",
    "latitude": 42.0968826,
    "longitude": -76.0507646
  },
  {
    "Type": "Food Pantries",
    "Name": "Maine-Endwell CSD",
    "Street": "750 Farm to Market Rd",
    "City": "Endwell",
    "State": "NY",
    "Zip": "13760",
    "Hours of Operation": "Deliveries Only",
    "Area Served": "CLOSED",
    "Deliveries?": "YES/ME School families only",
    "Additional Services Offered": "YES, personal care items",
    "Drive Thru?": "",
    "Contact": "",
    "Phone": "",
    "Email": "",
    "latitude": 42.1259376,
    "longitude": -76.0239911
  },
  {
    "Type": "Food Pantries",
    "Name": "Union Presbyterian Church Pantry",
    "Street": "202 East Main St",
    "City": "Endicott",
    "State": "NY",
    "Zip": "13760",
    "Hours of Operation": "Wednesday 4:00pm-6:00pm",
    "Area Served": "No restriction, call CHOW for referral Call the CHOW® Hotline at (607) 723-8960 or First Call for Help at 211 for a food pantry referral.",
    "Deliveries?": "No",
    "Additional Services Offered": "0",
    "Drive Thru?": "No",
    "Contact": "Sara Wokan",
    "Phone": "(607)765-2267",
    "Email": "sara.wokan@gmail.com",
    "latitude": 42.0947618,
    "longitude": -76.0631528
  },
  {
    "Type": "Food Pantries",
    "Name": "C.C. Broome/Mother Teresa's Cupboard",
    "Street": "202 Garfield Ave",
    "City": "Endicott",
    "State": "NY",
    "Zip": "13760",
    "Hours of Operation": "Monday, Wednesday & Friday 9:00am-2:30pm",
    "Area Served": "Broome County",
    "Deliveries?": "Yes",
    "Additional Services Offered": "Yes",
    "Drive Thru?": "No",
    "Contact": "Michelle Dow",
    "Phone": "(607)741-0011",
    "Email": "mdow@ccbc.net",
    "latitude": 42.1004831,
    "longitude": -76.0470796
  },
  {
    "Type": "Food Pantries",
    "Name": "Our Lady of Good Counsel",
    "Street": "701 W Main St",
    "City": "Endicott",
    "State": "NY",
    "Zip": "13760",
    "Hours of Operation": "Tuesdays & Thursdays 9am-3pm",
    "Area Served": "Has a garden, fresh produce April-Sept.",
    "Deliveries?": "",
    "Additional Services Offered": "",
    "Drive Thru?": "",
    "Contact": "Melanie Gleason",
    "Phone": "607-748-7417",
    "Email": "mgleason@syrdio.org",
    "latitude": 42.0929667,
    "longitude": -76.0795185
  },
  {
    "Type": "Food Pantries",
    "Name": "Union Center Christian Church",
    "Street": "950 Boswell Hill Rd",
    "City": "Endicott",
    "State": "NY",
    "Zip": "13760",
    "Hours of Operation": "Every Tuesday: 4:00-6:30",
    "Area Served": "Broome County, CHOW",
    "Deliveries?": "",
    "Additional Services Offered": "",
    "Drive Thru?": "",
    "Contact": "Church",
    "Phone": "607-754-8222",
    "Email": "",
    "latitude": 42.1517702,
    "longitude": -76.0729416
  },
  {
    "Type": "Food Pantries",
    "Name": "Northminster Presbyterian Church Pantry",
    "Street": "711 Farm to Market Rd",
    "City": "Endwell, NY",
    "State": "NY",
    "Zip": "13760",
    "Hours of Operation": "Tuesday 6:00pm-7:00pm & Friday 12:00pm-1:00pm",
    "Area Served": "Endwell, Endicott, Johnson City",
    "Deliveries?": "No",
    "Additional Services Offered": "No",
    "Drive Thru?": "No",
    "Contact": "Ron Feduke",
    "Phone": "(607)754-0746",
    "Email": "rfeduke@stny.rr.com",
    "latitude": 42.126007,
    "longitude": -76.024212
  },
  {
    "Type": "Food Pantries",
    "Name": "Colesville Community Pantry",
    "Street": "28 King Rd",
    "City": "Harpursville",
    "State": "NY",
    "Zip": "13787",
    "Hours of Operation": "1st & 3rd Tuesday 10:00am-12:00pm & 4:30pm-6:30pm",
    "Area Served": "Town of Colesville and Harpursville central school district.",
    "Deliveries?": "No",
    "Additional Services Offered": "Yes",
    "Drive Thru?": "No",
    "Contact": "Sharen Guokas",
    "Phone": "607-349-8940",
    "Email": "frecklesny1@gmail.com",
    "latitude": 42.18435,
    "longitude": -75.6327986
  },
  {
    "Type": "Food Pantries",
    "Name": "First Presbyterian Church",
    "Street": "2 Main St",
    "City": "Johnson City",
    "State": "NY",
    "Zip": "13790",
    "Hours of Operation": "Monday, Tuesday, Wednesday 10AM-2PM Ring Bell for Service.  Thursday call 607-797-0836 to set up an appt.",
    "Area Served": "",
    "Deliveries?": "",
    "Additional Services Offered": "",
    "Drive Thru?": "",
    "Contact": "Amy Abbey",
    "Phone": "607-797-0836",
    "Email": "",
    "latitude": 42.1111703,
    "longitude": -75.9455832
  },
  {
    "Type": "Food Pantries",
    "Name": "Faith Evangalistic Church",
    "Street": "227 Grand Ave",
    "City": "Johnson City",
    "State": "NY",
    "Zip": "13790",
    "Hours of Operation": "1st & 3rd Sunday: 1pm-3pm",
    "Area Served": "Broome County, CHOW",
    "Deliveries?": "",
    "Additional Services Offered": "",
    "Drive Thru?": "",
    "Contact": "",
    "Phone": "",
    "Email": "",
    "latitude": 42.1105128,
    "longitude": -75.9584457
  },
  {
    "Type": "Food Pantries",
    "Name": "Wildcat Food and Clothing Center - JSHS",
    "Street": "666 Reynolds St",
    "City": "Johnson City",
    "State": "NY",
    "Zip": "13790",
    "Hours of Operation": "Wednesday 12:00-2:00 PM",
    "Area Served": "Open to Public",
    "Deliveries?": "YES",
    "Additional Services Offered": "YES, Diapers and personal care items, assistance with Medicaid/Medicare enrollment, cleaning supplies",
    "Drive Thru?": "",
    "Contact": "Andrea Hankey",
    "Phone": "607-930-1662",
    "Email": "anhankey@jcschools.stier.org",
    "latitude": null,
    "longitude": null
  },
    {
    "Type": "School - Pantry",
    "Name": "Wildcat Food and Clothing Center - JSHS",
    "Street": "666 Reynolds St",
    "City": "Johnson City",
    "State": "NY",
    "Zip": "13790",
    "Hours of Operation": "Wednesday 12:00-2:00 PM",
    "Area Served": "Open to Public",
    "Deliveries?": "YES",
    "Additional Services Offered": "YES, Diapers and personal care items, assistance with Medicaid/Medicare enrollment, cleaning supplies",
    "Drive Thru?": "",
    "Contact": "Andrea Hankey",
    "Phone": "607-930-1662",
    "Email": "anhankey@jcschools.stier.org",
    "latitude": null,
    "longitude": null
  },
  {
    "Type": "Food Pantries",
    "Name": "Calvary Community Church",
    "Street": "780 Harry L Dr",
    "City": "Johnson City",
    "State": "NY",
    "Zip": "13790",
    "Hours of Operation": "Every Tuesday: 11-12",
    "Area Served": "Broome County, CHOW",
    "Deliveries?": "",
    "Additional Services Offered": "",
    "Drive Thru?": "",
    "Contact": "",
    "Phone": "607-729-7777",
    "Email": "",
    "latitude": 42.1213381,
    "longitude": -75.9799068
  },
  {
    "Type": "Food Pantries",
    "Name": "St Mary's",
    "Street": "975 Rt 11",
    "City": "Kirkwood",
    "State": "NY",
    "Zip": "13795",
    "Hours of Operation": "Tue & Thurs 5:30-6:30",
    "Area Served": "",
    "Deliveries?": "",
    "Additional Services Offered": "",
    "Drive Thru?": "",
    "Contact": "",
    "Phone": "",
    "Email": "",
    "latitude": null,
    "longitude": null
  },
  {
    "Type": "Food Pantries",
    "Name": "Maine Federated Church",
    "Street": "2615 Main St",
    "City": "Maine",
    "State": "NY",
    "Zip": "13802",
    "Hours of Operation": "Tues & Thurs 9-11 Wed 3-5",
    "Area Served": "Broome County, CHOW",
    "Deliveries?": "",
    "Additional Services Offered": "",
    "Drive Thru?": "",
    "Contact": "",
    "Phone": "607-862-3387",
    "Email": "",
    "latitude": 42.1790705,
    "longitude": -76.0647064
  },
  {
    "Type": "Food Pantries",
    "Name": "St. Joseph's Church",
    "Street": "659 NYS Rt 7B",
    "City": "Port Crane",
    "State": "NY",
    "Zip": "13833",
    "Hours of Operation": "By Appt. only All Food by donations",
    "Area Served": "",
    "Deliveries?": "",
    "Additional Services Offered": "",
    "Drive Thru?": "",
    "Contact": "",
    "Phone": "607-648-8341",
    "Email": "",
    "latitude": null,
    "longitude": null
  },
  {
    "Type": "Food Pantries",
    "Name": "Vestal Food Pantry-Vestal High School",
    "Street": "205 Woodlawn Dr",
    "City": "Vestal",
    "State": "NY",
    "Zip": "13850",
    "Hours of Operation": "Wed 4-6pm",
    "Area Served": "",
    "Deliveries?": "",
    "Additional Services Offered": "",
    "Drive Thru?": "",
    "Contact": "",
    "Phone": "607-757-2214",
    "Email": "",
    "latitude": 42.0860206,
    "longitude": -76.0458193
  },
    {
    "Type": "School - Pantry",
    "Name": "Vestal Food Pantry-Vestal High School",
    "Street": "205 Woodlawn Dr",
    "City": "Vestal",
    "State": "NY",
    "Zip": "13850",
    "Hours of Operation": "Wed 4-6pm",
    "Area Served": "",
    "Deliveries?": "",
    "Additional Services Offered": "",
    "Drive Thru?": "",
    "Contact": "",
    "Phone": "607-757-2214",
    "Email": "",
    "latitude": 42.0860206,
    "longitude": -76.0458193
  },
  {
    "Type": "Food Pantries",
    "Name": "Our Lady of Sorrows Church Food Pantry",
    "Street": "801 Main St",
    "City": "Vestal",
    "State": "NY",
    "Zip": "13850",
    "Hours of Operation": "Tuesday 12:00pm-2:00pm Thursday 4:00pm-7:00pm Saturday 9:00am-12:00pm PLEASE CALL AHEAD/LEAVE MESSAGE:  (607)785-3214",
    "Area Served": "All",
    "Deliveries?": "Yes - Limited",
    "Additional Services Offered": "Yes,  personal care items, Diapers (child/adult), Assistance with Medicare & Medicaid sign up",
    "Drive Thru?": "No",
    "Contact": "Julie Slattery",
    "Phone": "(607)785-3214",
    "Email": "pantry@olsvestal.org",
    "latitude": 42.0753457,
    "longitude": -76.0481457
  },
  {
    "Type": "Food Pantries",
    "Name": "First United Methodist Church of Windsor",
    "Street": "56 Chapel St",
    "City": "Windsor",
    "State": "NY",
    "Zip": "13865",
    "Hours of Operation": "Tuesday 9:30am-12:00pm",
    "Area Served": "Windsor, Deposit, Harpursville",
    "Deliveries?": "No",
    "Additional Services Offered": "No",
    "Drive Thru?": "No, but will bring food out",
    "Contact": "Jill Skinner",
    "Phone": "(607) 761-2312, church # 607-655-1791",
    "Email": "skinnerjann@yahoo.com",
    "latitude": 42.0759482,
    "longitude": -75.6435468
  },
  {
    "Type": "Food Pantries",
    "Name": "Windsor Human Development",
    "Street": "594 Kent St",
    "City": "Windsor",
    "State": "NY",
    "Zip": "13865",
    "Hours of Operation": "Tuesday 11:30-3:30PM & Friday 1:00-4:00PM & Wednesday 12:30pm-6:00pm, Thursday call for hours, Saturday 1:00pm-4:00pm PLEASE FEEL FREE TO CALL 607-444-1480.",
    "Area Served": "No restrictions- Call for emergency needs.",
    "Deliveries?": "Yes- extensive",
    "Additional Services Offered": "Yes, SNAP, HEAP, Medicaid, Medicare, section 8  assistance with enrollment, Personal care items, diapers (child.adult), clothing, cleaning supplies, pet food +more. Whatever we can help with, we will",
    "Drive Thru?": "Drive up to tables, volunteers will load if needed.",
    "Contact": "Bridgette VanNorman",
    "Phone": "(607)444-1480",
    "Email": "brdvannorman@gmail.com",
    "latitude": 42.07012,
    "longitude": -75.6427558
  },
  {
    "Type": "Food Pantries",
    "Name": "Union Center Methodist Church",
    "Street": "128 Maple Dr",
    "City": "Endicott",
    "State": "NY",
    "Zip": "13760",
    "Hours of Operation": "Every Thursday 3:30-6:00pm and every 3rd Saturday 10:00AM-12:00PM",
    "Area Served": "Broome County",
    "Deliveries?": "No",
    "Additional Services Offered": "Yes, Clothing, personal care items, household items, cleaning supplies",
    "Drive Thru?": "No",
    "Contact": "Shelia Snyder",
    "Phone": "607-748-6329",
    "Email": "marthaelec@aol.com",
    "latitude": 42.1533157,
    "longitude": -76.0705444
  },
  {
    "Type": "Food Pantries",
    "Name": "St. James",
    "Street": "130 Main St.",
    "City": "Johnson City",
    "State": "NY",
    "Zip": "13790",
    "Hours of Operation": "Monday-Saturday 12-2PM",
    "Area Served": "Broome County, CHOW",
    "Deliveries?": "CHOW",
    "Additional Services Offered": "",
    "Drive Thru?": "",
    "Contact": "Hope Matthews",
    "Phone": "607-729-6147",
    "Email": "",
    "latitude": 42.1130538,
    "longitude": -75.9505042
  },
  {
    "Type": "Food Pantries",
    "Name": "Chenango Valley School",
    "Street": "221 Chenango Bridge Rd",
    "City": "Binghamton",
    "State": "NY",
    "Zip": "13901",
    "Hours of Operation": "Call or Text Jackie DeAngelo 607-240-3177 for a confidential request",
    "Area Served": "CV Communiny",
    "Deliveries?": "Call for request",
    "Additional Services Offered": "Clothing and Hygiene",
    "Drive Thru?": "",
    "Contact": "Christine Paske",
    "Phone": "607-237-9486",
    "Email": "cpaske@cvcsd.stier.org",
    "latitude": 42.1625376,
    "longitude": -75.8724186
  },
    {
    "Type": "School - Pantry",
    "Name": "Chenango Valley School",
    "Street": "221 Chenango Bridge Rd",
    "City": "Binghamton",
    "State": "NY",
    "Zip": "13901",
    "Hours of Operation": "Call or Text Jackie DeAngelo 607-240-3177 for a confidential request",
    "Area Served": "CV Communiny",
    "Deliveries?": "Call for request",
    "Additional Services Offered": "Clothing and Hygiene",
    "Drive Thru?": "",
    "Contact": "Christine Paske",
    "Phone": "607-237-9486",
    "Email": "cpaske@cvcsd.stier.org",
    "latitude": 42.1625376,
    "longitude": -75.8724186
  },
  {
    "Type": "Food Pantries",
    "Name": "St. Cyril's Church",
    "Street": "148 Clinton St.",
    "City": "Binghamton",
    "State": "NY",
    "Zip": "13905",
    "Hours of Operation": "Monday-Friday 10:00AM 12:30PM; Free sandwiches and groceries available to anyone - no ID or proof of income required.\n\nFor more information, please call (607) 374-1300.",
    "Area Served": "All",
    "Deliveries?": "No",
    "Additional Services Offered": "Clothing and Hygiene",
    "Drive Thru?": "No",
    "Contact": "",
    "Phone": "607-724-1372",
    "Email": "yllennodb@aol.com",
    "latitude": 42.1059705,
    "longitude": -75.9247739
  },
  {
    "Type": "Food Pantries",
    "Name": "Tracy Creek Memorial Church",
    "Street": "4 Knight Rd.",
    "City": "Vestal",
    "State": "NY",
    "Zip": "13850",
    "Hours of Operation": "Every Third Saturday 11:00AM-12:00PM Drive up service",
    "Area Served": "",
    "Deliveries?": "",
    "Additional Services Offered": "",
    "Drive Thru?": "Yes",
    "Contact": "",
    "Phone": "607-785-0044",
    "Email": "tcmc@tcmcvestal.org",
    "latitude": 42.0451885,
    "longitude": -76.0839239
  },
  {
    "Type": "Food Pantries",
    "Name": "Susquehanna Valley School",
    "Street": "1168 Conklin Ave.",
    "City": "Conklin",
    "State": "NY",
    "Zip": "13748",
    "Hours of Operation": "Monday-Friday 9:00-2:30",
    "Area Served": "Open to the Public",
    "Deliveries?": "YES",
    "Additional Services Offered": "YES, Clothing, cleaning supplies, Hygiene",
    "Drive Thru?": "",
    "Contact": "Stacey Martin-Stilloe",
    "Phone": "607-775-9149",
    "Email": "sstilloe@svsabers.org",
    "latitude": null,
    "longitude": null
  },
    {
    "Type": "School - Pantry",
    "Name": "Susquehanna Valley School",
    "Street": "1168 Conklin Ave.",
    "City": "Conklin",
    "State": "NY",
    "Zip": "13748",
    "Hours of Operation": "Monday-Friday 9:00-2:30",
    "Area Served": "Open to the Public",
    "Deliveries?": "YES",
    "Additional Services Offered": "YES, Clothing, cleaning supplies, Hygiene",
    "Drive Thru?": "",
    "Contact": "Stacey Martin-Stilloe",
    "Phone": "607-775-9149",
    "Email": "sstilloe@svsabers.org",
    "latitude": null,
    "longitude": null
  },
  {
    "Type": "Food Pantries",
    "Name": "Good Neighbors at Memorial Park Baptist Church",
    "Street": "1013 Front St.",
    "City": "Vestal",
    "State": "NY",
    "Zip": "13850",
    "Hours of Operation": "Call for food: Krista Bunzy  607-444-2448",
    "Area Served": "Anyone, anytime",
    "Deliveries?": "No",
    "Additional Services Offered": "No",
    "Drive Thru?": "No",
    "Contact": "",
    "Phone": "",
    "Email": "",
    "latitude": 42.0803575,
    "longitude": -76.0694723
  },
  {
    "Type": "Food Pantries",
    "Name": "Sunflower Park Pantry",
    "Street": "185 Murray St.",
    "City": "Binghamton",
    "State": "NY",
    "Zip": "13905",
    "Hours of Operation": "In the Pavilion April-December every Friday at 10:30AM",
    "Area Served": "All Welcome",
    "Deliveries?": "No",
    "Additional Services Offered": "No",
    "Drive Thru?": "No",
    "Contact": "Mary Lou",
    "Phone": "",
    "Email": "Marylour2007@aol.com",
    "latitude": 42.1062412,
    "longitude": -75.9193271
  },
  {
    "Type": "Food Pantries",
    "Name": "First UMC of Kirkwood- Café Bounty",
    "Street": "155 Main st.",
    "City": "Kirkwood",
    "State": "NY",
    "Zip": "13795",
    "Hours of Operation": "Starting May 3rd- September. Every Wednesday 4:40-6 PM",
    "Area Served": "All Welcome",
    "Deliveries?": "No",
    "Additional Services Offered": "No",
    "Drive Thru?": "No",
    "Contact": "Joan Drew",
    "Phone": "607-775-2768. CHOW Hotline 607-723-8960",
    "Email": "",
    "latitude": 42.0300584,
    "longitude": -75.7940098
  },
  {
    "Type": "Food Pantries",
    "Name": "Christ Episcopal Church",
    "Street": "10 Henry St.",
    "City": "Binghamton",
    "State": "NY",
    "Zip": "13901",
    "Hours of Operation": "Mon/Wed/Fri/ the last 2 weeks of the month",
    "Area Served": "Broome County, CHOW",
    "Deliveries?": "No",
    "Additional Services Offered": "No",
    "Drive Thru?": "No",
    "Contact": "",
    "Phone": "607-722-2308",
    "Email": "",
    "latitude": 42.1004339,
    "longitude": -75.9134507
  },
  {
    "Type": "Food Pantries",
    "Name": "All Saints Episcopal",
    "Street": "475 Main St.",
    "City": "Johnson City",
    "State": "NY",
    "Zip": "13790",
    "Hours of Operation": "CHOW Monday-Saturday 12-2",
    "Area Served": "",
    "Deliveries?": "No",
    "Additional Services Offered": "No",
    "Drive Thru?": "No",
    "Contact": "",
    "Phone": "607-797-3354",
    "Email": "",
    "latitude": 42.115779,
    "longitude": -75.965693
  },
  {
    "Type": "Food Pantries",
    "Name": "Addiction Center of Broome County",
    "Street": "30 W. State St.",
    "City": "Binghamton",
    "State": "NY",
    "Zip": "13901",
    "Hours of Operation": "Monday-Thursday 10AM - 3 PM",
    "Area Served": "Broome County",
    "Deliveries?": "Yes",
    "Additional Services Offered": "No",
    "Drive Thru?": "No",
    "Contact": "Becka Moore",
    "Phone": "(607)723-7308",
    "Email": "bmoore@acbcservices.org",
    "latitude": 42.1088059,
    "longitude": -75.9048486
  },
  {
    "Type": "Food Pantries",
    "Name": "The Ecumenical Food Pantry of Whitney Point",
    "Street": "59 Keible rd",
    "City": "Whitney Point",
    "State": "NY",
    "Zip": "13862",
    "Hours of Operation": "Mon-Thursday and Saturdays 10-12   Clothing Bank Open Monday, Tuesday, Saturday 10-12",
    "Area Served": "",
    "Deliveries?": "",
    "Additional Services Offered": "",
    "Drive Thru?": "",
    "Contact": "",
    "Phone": "",
    "Email": "",
    "latitude": null,
    "longitude": null
  },
  {
    "Type": "Food Pantries",
    "Name": "Whitney Point",
    "Street": "TRA School, 2887 Route 11,",
    "City": "Whitney Point",
    "State": "NY",
    "Zip": "13862",
    "Hours of Operation": "Mon-Thursday, 2:30-4PM & Fridays: 2:15-3:45 PM",
    "Area Served": "CLOSED to public",
    "Deliveries?": "Yes",
    "Additional Services Offered": "Yes, Clothing and Personal care items",
    "Drive Thru?": "No",
    "Contact": "Heather Pudish",
    "Phone": "607-692-8313",
    "Email": "hpudish@wpcsd.org",
    "latitude": null,
    "longitude": null
  },
    {
    "Type": "School - Pantry",
    "Name": "Whitney Point",
    "Street": "TRA School, 2887 Route 11,",
    "City": "Whitney Point",
    "State": "NY",
    "Zip": "13862",
    "Hours of Operation": "Mon-Thursday, 2:30-4PM & Fridays: 2:15-3:45 PM",
    "Area Served": "CLOSED to public",
    "Deliveries?": "Yes",
    "Additional Services Offered": "Yes, Clothing and Personal care items",
    "Drive Thru?": "No",
    "Contact": "Heather Pudish",
    "Phone": "607-692-8313",
    "Email": "hpudish@wpcsd.org",
    "latitude": null,
    "longitude": null
  },
  {
    "Type": "Mobile Food Pantries",
    "Name": "Redeemer Lutheran/Trinity Memorial Church MFP",
    "Street": "44 Main St",
    "City": "Binghamton",
    "State": "NY",
    "Zip": "13905",
    "Hours of Operation": "@ Trinity 2nd Tuesday, 10-11am",
    "Area Served": "Anyone No registration required: https://www.foodbankst.org/cfd-form/",
    "Deliveries?": "No",
    "Additional Services Offered": "No",
    "Drive Thru?": "No",
    "Contact": "Alice & MaryLou",
    "Phone": "607-722-1029",
    "Email": "",
    "latitude": 42.0995052,
    "longitude": -75.9193413
  },
  {
    "Type": "Mobile Food Pantries",
    "Name": "Conklin Mobile Food Pantry @ Maine Community Center",
    "Street": "959 Conklin Rd",
    "City": "Conklin",
    "State": "NY",
    "Zip": "13748",
    "Hours of Operation": "3rd Monday of most months, 10-11am Schedule here: https://docs.google.com/spreadsheets/d/1jjbzI-NwX4wr4L-6dd2SH-Ra05X-H_4lBJz1KGwTPsA/edit?usp=sharing",
    "Area Served": "Anyone Pre-registration required: https://www.foodbankst.org/cfd-form/",
    "Deliveries?": "No",
    "Additional Services Offered": "No",
    "Drive Thru?": "Yes",
    "Contact": "Bill Krasowsky",
    "Phone": "",
    "Email": "millertoncard@aol.com",
    "latitude": 42.0856218,
    "longitude": -75.8290726
  },
  {
    "Type": "Mobile Food Pantries",
    "Name": "Deposit Mobile Food Pantry @ Deposit Central School",
    "Street": "171 2nd St",
    "City": "Deposit",
    "State": "NY",
    "Zip": "13754",
    "Hours of Operation": "Varies Schedule here: https://docs.google.com/spreadsheets/d/1jjbzI-NwX4wr4L-6dd2SH-Ra05X-H_4lBJz1KGwTPsA/edit?usp=sharing",
    "Area Served": "Anyone Pre-registration required: https://www.foodbankst.org/cfd-form/",
    "Deliveries?": "No",
    "Additional Services Offered": "No",
    "Drive Thru?": "Yes",
    "Contact": "",
    "Phone": "",
    "Email": "",
    "latitude": 42.0667535,
    "longitude": -75.4190093
  },
  {
    "Type": "Mobile Food Pantries",
    "Name": "Endwell Mobile Food Pantry @ Endwell UMC Church",
    "Street": "3301 Watson Blvd",
    "City": "Endwell",
    "State": "NY",
    "Zip": "13760",
    "Hours of Operation": "1st Monday of most months, 10-11am Schedule here",
    "Area Served": "Anyone Pre-registration required: https://www.foodbankst.org/cfd-form/",
    "Deliveries?": "Yes",
    "Additional Services Offered": "No",
    "Drive Thru?": "Yes",
    "Contact": "Dave Alexander",
    "Phone": "(607) 754-5735",
    "Email": "",
    "latitude": 42.1113368,
    "longitude": -76.0219419
  },
  {
    "Type": "Mobile Food Pantries",
    "Name": "Whitney Point Mobile Food Pantry @ Broome County Fairgrounds",
    "Street": "NY Rt 11",
    "City": "Whitney Point",
    "State": "NY",
    "Zip": "13862",
    "Hours of Operation": "2nd Wednesday of most months, 10-11am Schedule here: https://docs.google.com/spreadsheets/d/1jjbzI-NwX4wr4L-6dd2SH-Ra05X-H_4lBJz1KGwTPsA/edit?usp=sharing",
    "Area Served": "Anyone Pre-registration required: https://www.foodbankst.org/cfd-form/",
    "Deliveries?": "No",
    "Additional Services Offered": "No",
    "Drive Thru?": "Yes",
    "Contact": "",
    "Phone": "",
    "Email": "",
    "latitude": 42.3235786,
    "longitude": -75.9694509
  },
  {
    "Type": "Mobile Food Pantries",
    "Name": "Binghamton Plaza Mobile Food Pantry @Kmart Plaza",
    "Street": "33 W. State St.",
    "City": "Binghamton",
    "State": "NY",
    "Zip": "13901",
    "Hours of Operation": "4th Tuesday. Schedule here: https://docs.google.com/spreadsheets/d/1jjbzI-NwX4wr4L-6dd2SH-Ra05X-H_4lBJz1KGwTPsA/edit?usp=sharing",
    "Area Served": "Anyone Pre-registration required: https://www.foodbankst.org/cfd-form/",
    "Deliveries?": "No",
    "Additional Services Offered": "No",
    "Drive Thru?": "Yes",
    "Contact": "Georgette Long",
    "Phone": "",
    "Email": "",
    "latitude": 42.110182,
    "longitude": -75.9064603
  },
  {
    "Type": "Mobile Food Pantries",
    "Name": "Town of Maine - Girl Scout Building",
    "Street": "2626 State Rte 26, Maine, NY 13802",
    "City": "Maine",
    "State": "NY",
    "Zip": "13802",
    "Hours of Operation": "EVERY 1ST WEDNESDAY OF THE MONTH https://docs.google.com/spreadsheets/d/1jjbzI-NwX4wr4L-6dd2SH-Ra05X-H_4lBJz1KGwTPsA/edit?gid=631154790#gid=631154790",
    "Area Served": "",
    "Deliveries?": "",
    "Additional Services Offered": "",
    "Drive Thru?": "",
    "Contact": "",
    "Phone": "",
    "Email": "",
    "latitude": null,
    "longitude": null
  },
  {
    "Type": "Shelters",
    "Name": "Volunteers of America, Western New York, Inc.",
    "Street": "320 Chenango St",
    "City": "Binghamton",
    "State": "NY",
    "Zip": "13901",
    "Hours of Operation": "Monday - Sunday 24 hours",
    "Area Served": "Broome County",
    "Deliveries?": "No",
    "Additional Services Offered": "No",
    "Drive Thru?": "No",
    "Contact": "Alicia Davis",
    "Phone": "(607)772-1156",
    "Email": "adavis@voaupny.org",
    "latitude": 42.1079646,
    "longitude": -75.9034566
  },
  {
    "Type": "Shelters",
    "Name": "Binghamton Rescue Mission",
    "Street": "56-58 Whitney Ave",
    "City": "Binghamton",
    "State": "NY",
    "Zip": "13901",
    "Hours of Operation": "",
    "Area Served": "",
    "Deliveries?": "",
    "Additional Services Offered": "",
    "Drive Thru?": "",
    "Contact": "",
    "Phone": "(607)201-1030",
    "Email": "",
    "latitude": 42.1091883,
    "longitude": -75.8961106
  },
  {
    "Type": "Shelters",
    "Name": "Fairview-Voices",
    "Street": "340 Prospect St",
    "City": "Binghamton",
    "State": "NY",
    "Zip": "13905",
    "Hours of Operation": "Rehab Facility - call for info",
    "Area Served": "",
    "Deliveries?": "",
    "Additional Services Offered": "",
    "Drive Thru?": "",
    "Contact": "",
    "Phone": "607-821-7811",
    "Email": "",
    "latitude": 42.1164314,
    "longitude": -75.9415601
  },
  {
    "Type": "Shelters",
    "Name": "RISE-NY",
    "Street": "1201 E Main St",
    "City": "Endicott",
    "State": "NY",
    "Zip": "13760",
    "Hours of Operation": "Monday-Friday 8:30-4:30",
    "Area Served": "Broome county for domestic violence victims/survivors",
    "Deliveries?": "No",
    "Additional Services Offered": "No",
    "Drive Thru?": "No",
    "Contact": "Nicole Barren",
    "Phone": "(607)786-3540 CALL 24/7",
    "Email": "nbarren@rise-ny.org",
    "latitude": 42.0986582,
    "longitude": -76.0488229
  },
  {
    "Type": "Shelters",
    "Name": "YMCA- Mens Supportive Living",
    "Street": "61 Susquehanna St.",
    "City": "Binghamton",
    "State": "NY",
    "Zip": "13901",
    "Hours of Operation": "",
    "Area Served": "",
    "Deliveries?": "",
    "Additional Services Offered": "",
    "Drive Thru?": "",
    "Contact": "Collin Elliott",
    "Phone": "607-722-0560 ext 336",
    "Email": "",
    "latitude": 42.0956468,
    "longitude": -75.9108738
  },
  {
    "Type": "Shelters",
    "Name": "YWCA",
    "Street": "80 Hawley St.",
    "City": "Binghamton",
    "State": "NY",
    "Zip": "13901",
    "Hours of Operation": "",
    "Area Served": "",
    "Deliveries?": "",
    "Additional Services Offered": "",
    "Drive Thru?": "",
    "Contact": "",
    "Phone": "607-772-0340",
    "Email": "",
    "latitude": 42.0971042,
    "longitude": -75.9098166
  },
  {
    "Type": "Shelters",
    "Name": "ACBC UP Center",
    "Street": "42 Chenango St",
    "City": "Binghamton",
    "State": "NY",
    "Zip": "13901",
    "Hours of Operation": "Open 7:00PM Sunday - Thursday, closes Friday at 7:00AM. DO NOT ARRIVE BEFORE 6PM.  ENTRY BEGINS AT 7:00pm.  NO LATER THAN 9:00 PM.  (9:45pM DSS REFERRAL OR POLICE ESCORT",
    "Area Served": "",
    "Deliveries?": "",
    "Additional Services Offered": "",
    "Drive Thru?": "",
    "Contact": "",
    "Phone": "",
    "Email": "",
    "latitude": 42.1000926,
    "longitude": -75.9097868
  },
  {
    "Type": "Blessing Boxes",
    "Name": "Girl Scouts Troop 30392",
    "Street": "403 E. Main St, Round Hill Masons Lodge",
    "City": "Endicott",
    "State": "NY",
    "Zip": "13760",
    "Hours of Operation": "24/7 Blessing Box - walk up",
    "Area Served": "All Welcome",
    "Deliveries?": "",
    "Additional Services Offered": "",
    "Drive Thru?": "",
    "Contact": "Amanda Smith",
    "Phone": "",
    "Email": "amandahelaine27@yahoo.com",
    "latitude": null,
    "longitude": null
  },
  {
    "Type": "Blessing Boxes",
    "Name": "ACBC Blessing Box",
    "Street": "30 W. State St",
    "City": "Binghamton",
    "State": "NY",
    "Zip": "13901",
    "Hours of Operation": "24/7 Blessing Box - Supplied by Good Neighbors and Aliza Spencer Blessing Box",
    "Area Served": "",
    "Deliveries?": "No",
    "Additional Services Offered": "No",
    "Drive Thru?": "No",
    "Contact": "",
    "Phone": "",
    "Email": "",
    "latitude": 42.1088059,
    "longitude": -75.9048486
  },
  {
    "Type": "Blessing Boxes",
    "Name": "PR Blessing Box",
    "Street": "3202 Marne Ave",
    "City": "Endwell, NY",
    "State": "NY",
    "Zip": "13760",
    "Hours of Operation": "24/7 walk up pantry, call OR FB message for care package",
    "Area Served": "All welcome: Facebook page: https://www.facebook.com/groups/1647388005702696",
    "Deliveries?": "No",
    "Additional Services Offered": "No",
    "Drive Thru?": "No",
    "Contact": "Nicole Robinson",
    "Phone": "607-348-8888",
    "Email": "nicolephil124@gmail.com",
    "latitude": 42.1056262,
    "longitude": -76.0223153
  },
  {
    "Type": "Blessing Boxes",
    "Name": "Friends in Need Blessing Box",
    "Street": "3145 Stewart Rd. Lot G1",
    "City": "Vestal",
    "State": "NY",
    "Zip": "13850",
    "Hours of Operation": "24/7 walk up pantry,",
    "Area Served": "All Welcome: Facebook page: https://www.facebook.com/groups/561239215728488",
    "Deliveries?": "May deliver care packages",
    "Additional Services Offered": "No",
    "Drive Thru?": "No",
    "Contact": "Deanna Giordani",
    "Phone": "607-644-2187",
    "Email": "friendsinneedcorporation@hotmail.com",
    "latitude": null,
    "longitude": null
  },
  {
    "Type": "Blessing Boxes",
    "Name": "Friends in Need Blessing Box",
    "Street": "200 Rano Blvd",
    "City": "Vestal",
    "State": "NY",
    "Zip": "13850",
    "Hours of Operation": "24/7 walk up pantry,",
    "Area Served": "All Welcome: Facebook page: https://www.facebook.com/groups/561239215728488",
    "Deliveries?": "May deliver care packages",
    "Additional Services Offered": "No",
    "Drive Thru?": "No",
    "Contact": "Deanna Giordani",
    "Phone": "607-644-2187",
    "Email": "friendsinneedcorporation@hotmail.com",
    "latitude": 42.0926912,
    "longitude": -76.0029679
  },
  {
    "Type": "Blessing Boxes",
    "Name": "Little Free Pantry-Marie Lynch Memorial Park",
    "Street": "2098 River St.",
    "City": "Lisle",
    "State": "NY",
    "Zip": "13797",
    "Hours of Operation": "24/7 walk up Pantry",
    "Area Served": "Anyone, anytime",
    "Deliveries?": "No",
    "Additional Services Offered": "No",
    "Drive Thru?": "No",
    "Contact": "Jen Mullen",
    "Phone": "607-821-8357",
    "Email": "",
    "latitude": null,
    "longitude": null
  },
  {
    "Type": "Blessing Boxes",
    "Name": "Aliza Spencer Blessing Box",
    "Street": "209 E. Fredrick St",
    "City": "Binghamton",
    "State": "NY",
    "Zip": "13904",
    "Hours of Operation": "24/7 walk up pantry, call OR FB message for care package",
    "Area Served": "Any",
    "Deliveries?": "No",
    "Additional Services Offered": "No",
    "Drive Thru?": "No",
    "Contact": "Leksi Sousouris",
    "Phone": "607-624-6119",
    "Email": "stellaroseann93@yahoo.com",
    "latitude": null,
    "longitude": null
  },
  {
    "Type": "Blessing Boxes",
    "Name": "Friends in Need Blessing Box",
    "Street": "135 Baldwin St.",
    "City": "Johnson City",
    "State": "NY",
    "Zip": "13790",
    "Hours of Operation": "24/7 walk up pantry,",
    "Area Served": "All Welcome: Facebook page: https://www.facebook.com/groups/561239215728488",
    "Deliveries?": "",
    "Additional Services Offered": "No",
    "Drive Thru?": "No",
    "Contact": "Deanna Giordani",
    "Phone": "607-644-2187",
    "Email": "friendsinneedcorporation@hotmail.com",
    "latitude": 42.1114464,
    "longitude": -75.9572038
  },
  {
    "Type": "Blessing Boxes",
    "Name": "Friends in Need Blessing Box",
    "Street": "8 Munsel St",
    "City": "Binghamton",
    "State": "NY",
    "Zip": "13901",
    "Hours of Operation": "24/7 walk up pantry,",
    "Area Served": "All Welcome: Facebook page: https://www.facebook.com/groups/561239215728488",
    "Deliveries?": "",
    "Additional Services Offered": "No",
    "Drive Thru?": "No",
    "Contact": "Deanna Giordani",
    "Phone": "607-644-2187",
    "Email": "friendsinneedcorporation@hotmail.com",
    "latitude": null,
    "longitude": null
  },
  {
    "Type": "Blessing Boxes",
    "Name": "Friends in Need Blessing Box",
    "Street": "611 South St",
    "City": "Endicott",
    "State": "NY",
    "Zip": "13760",
    "Hours of Operation": "24/7 walk up pantry,",
    "Area Served": "All Welcome: Facebook page: https://www.facebook.com/groups/561239215728488",
    "Deliveries?": "",
    "Additional Services Offered": "No",
    "Drive Thru?": "No",
    "Contact": "Deanna Giordani",
    "Phone": "607-644-2187",
    "Email": "friendsinneedcorporation@hotmail.com",
    "latitude": 42.0954053,
    "longitude": -76.0535585
  },
  {
    "Type": "Blessing Boxes",
    "Name": "Good Neighbors Blessing Box",
    "Street": "53 Mary St",
    "City": "Binghamton",
    "State": "NY",
    "Zip": "13903",
    "Hours of Operation": "24/7 walk up pantry, Restocked Every Sunday at 11:00AM",
    "Area Served": "",
    "Deliveries?": "no",
    "Additional Services Offered": "no",
    "Drive Thru?": "no",
    "Contact": "Jordan Trice",
    "Phone": "",
    "Email": "j.trice4govt@gmail.com",
    "latitude": 42.0883161,
    "longitude": -75.9114587
  },
  {
    "Type": "Blessing Boxes",
    "Name": "Friends in Need Blessing Box",
    "Street": "27 St. Charles St.",
    "City": "Johnson City",
    "State": "NY",
    "Zip": "13790",
    "Hours of Operation": "24/7 walk up pantry,",
    "Area Served": "All Welcome: Facebook page: https://www.facebook.com/groups/561239215728488",
    "Deliveries?": "",
    "Additional Services Offered": "",
    "Drive Thru?": "",
    "Contact": "Deanna Giordani",
    "Phone": "607-644-2187",
    "Email": "friendsinneedcorporation@hotmail.com",
    "latitude": 42.1148758,
    "longitude": -75.9610758
  },
  {
    "Type": "Blessing Boxes",
    "Name": "Friends in Need Blessing Box",
    "Street": "132 Mulberry Circle",
    "City": "Endicott",
    "State": "NY",
    "Zip": "13760",
    "Hours of Operation": "24/7 walk up pantry,",
    "Area Served": "All Welcome: Facebook page: https://www.facebook.com/groups/561239215728488",
    "Deliveries?": "",
    "Additional Services Offered": "",
    "Drive Thru?": "",
    "Contact": "Deanna Giordani",
    "Phone": "607-644-2187",
    "Email": "friendsinneedcorporation@hotmail.com",
    "latitude": 42.1889567,
    "longitude": -76.0580257
  },
  {
    "Type": "Blessing Boxes",
    "Name": "Friends in Need Blessing Box",
    "Street": "216 Duke St. Endicott",
    "City": "Endicott",
    "State": "NY",
    "Zip": "13760",
    "Hours of Operation": "24/7 walk up pantry,",
    "Area Served": "",
    "Deliveries?": "",
    "Additional Services Offered": "",
    "Drive Thru?": "",
    "Contact": "",
    "Phone": "",
    "Email": "",
    "latitude": 42.1111517,
    "longitude": -76.0692622
  },
  {
    "Type": "Blessing Boxes",
    "Name": "Friends in Need Blessing Box",
    "Street": "208 Squires Ave",
    "City": "Endicott",
    "State": "NY",
    "Zip": "13760",
    "Hours of Operation": "24/7 walk up pantry",
    "Area Served": "",
    "Deliveries?": "",
    "Additional Services Offered": "",
    "Drive Thru?": "",
    "Contact": "",
    "Phone": "",
    "Email": "",
    "latitude": 42.111684,
    "longitude": -76.0468805
  },
  {
    "Type": "Blessing Boxes",
    "Name": "Friends in Need Blessing Box",
    "Street": "308 Squires Ave",
    "City": "Endicott",
    "State": "NY",
    "Zip": "13760",
    "Hours of Operation": "24/7walk up pantry",
    "Area Served": "",
    "Deliveries?": "",
    "Additional Services Offered": "",
    "Drive Thru?": "",
    "Contact": "",
    "Phone": "",
    "Email": "",
    "latitude": 42.1134428,
    "longitude": -76.0470072
  },
  {
    "Type": "Blessing Boxes",
    "Name": "Friends in Need Blessing Box",
    "Street": "14 union St.",
    "City": "JC",
    "State": "NY",
    "Zip": "13850",
    "Hours of Operation": "24/7 walk up pantry",
    "Area Served": "",
    "Deliveries?": "",
    "Additional Services Offered": "",
    "Drive Thru?": "",
    "Contact": "",
    "Phone": "",
    "Email": "",
    "latitude": null,
    "longitude": null
  },
  {
    "Type": "Blessing Boxes",
    "Name": "Good Neighbors Blessing Box",
    "Street": "533 Central St",
    "City": "Endicott",
    "State": "NY",
    "Zip": "13760",
    "Hours of Operation": "24/7 walk up pantry, call OR FB message for care package",
    "Area Served": "",
    "Deliveries?": "",
    "Additional Services Offered": "",
    "Drive Thru?": "",
    "Contact": "Krista Callis",
    "Phone": "607-444-2448",
    "Email": "foodrunner26@gmail.com",
    "latitude": 42.0999309,
    "longitude": -76.0568333
  },
  {
    "Type": "Blessing Boxes",
    "Name": "Good Neighbors Blessing Box",
    "Street": "1013 Front St",
    "City": "Vestal",
    "State": "NY",
    "Zip": "13850",
    "Hours of Operation": "24/7 walk up Pantry",
    "Area Served": "",
    "Deliveries?": "",
    "Additional Services Offered": "",
    "Drive Thru?": "",
    "Contact": "Krista Callis",
    "Phone": "607-444-2448",
    "Email": "foodrunner26@gmail.com",
    "latitude": 42.0803575,
    "longitude": -76.0694723
  },
  {
    "Type": "Blessing Boxes",
    "Name": "Good Neighbors Blessing Box",
    "Street": "1 Clubhouse Rd",
    "City": "Endicott",
    "State": "NY",
    "Zip": "13760",
    "Hours of Operation": "24/7 walk up pantry",
    "Area Served": "",
    "Deliveries?": "",
    "Additional Services Offered": "",
    "Drive Thru?": "",
    "Contact": "",
    "Phone": "",
    "Email": "",
    "latitude": null,
    "longitude": null
  },
  {
    "Type": "Blessing Boxes",
    "Name": "Good Neighbors Blessing Box",
    "Street": "42 Chenango St",
    "City": "Binghamton",
    "State": "NY",
    "Zip": "13901",
    "Hours of Operation": "24/7/walk up pantry",
    "Area Served": "",
    "Deliveries?": "",
    "Additional Services Offered": "",
    "Drive Thru?": "",
    "Contact": "",
    "Phone": "",
    "Email": "",
    "latitude": 42.1000926,
    "longitude": -75.9097868
  },
  {
    "Type": "Blessing Boxes",
    "Name": "Good Neighbors Blessing Box",
    "Street": "4 Knight Rd. Tracy Creek Memorial Church",
    "City": "Vestal",
    "State": "NY",
    "Zip": "13850",
    "Hours of Operation": "24/7 walk up pantry",
    "Area Served": "",
    "Deliveries?": "",
    "Additional Services Offered": "",
    "Drive Thru?": "",
    "Contact": "",
    "Phone": "",
    "Email": "",
    "latitude": null,
    "longitude": null
  },
  {
    "Type": "Blessing Boxes",
    "Name": "Mary Wilcox Memorial Library",
    "Street": "2630 Main St",
    "City": "Whitney Point",
    "State": "NY",
    "Zip": "13862",
    "Hours of Operation": "24/7 Walk up pantry",
    "Area Served": "",
    "Deliveries?": "",
    "Additional Services Offered": "",
    "Drive Thru?": "",
    "Contact": "",
    "Phone": "",
    "Email": "",
    "latitude": 42.3292559,
    "longitude": -75.9696725
  },
  {
    "Type": "Blessing Boxes",
    "Name": "",
    "Street": "1 Stutvesant ST",
    "City": "Binghamton",
    "State": "NY",
    "Zip": "nan",
    "Hours of Operation": "24/7 walk up pantry",
    "Area Served": "",
    "Deliveries?": "",
    "Additional Services Offered": "",
    "Drive Thru?": "",
    "Contact": "",
    "Phone": "",
    "Email": "",
    "latitude": null,
    "longitude": null
  },
  {
    "Type": "Blessing Boxes",
    "Name": "Tabernacle United Methodist Church",
    "Street": "83 Main St",
    "City": "Binghamton",
    "State": "NY",
    "Zip": "13905",
    "Hours of Operation": "24/7 walk up pantry",
    "Area Served": "",
    "Deliveries?": "",
    "Additional Services Offered": "",
    "Drive Thru?": "",
    "Contact": "",
    "Phone": "607-723-8983",
    "Email": "",
    "latitude": null,
    "longitude": null
  },
  {
    "Type": "Senior Centers",
    "Name": "Eastern Broome Senior Center",
    "Street": "27 Golden Ln.",
    "City": "Harpursville",
    "State": "NY",
    "Zip": "13787",
    "Hours of Operation": "Mon-Fri. 9AM-2:30PM",
    "Area Served": "607-693-2069. Require a meal reservation by noon the day before",
    "Deliveries?": "Lunch at Noon, Mon.- Fri.",
    "Additional Services Offered": "Suggested contribution of $3.50 for people over 60 and their spouse. No one over 60 will be denied a meal for inability to pay or contribute. However, people under 60 are charged a $4.50 per meal price.",
    "Drive Thru?": "",
    "Contact": "",
    "Phone": "607-693-2069",
    "Email": "",
    "latitude": 42.1746587,
    "longitude": -75.6238239
  },
  {
    "Type": "Senior Centers",
    "Name": "Deposit Senior Center",
    "Street": "14 Monument St.",
    "City": "Deposit",
    "State": "NY",
    "Zip": "13754",
    "Hours of Operation": "Tues. & Thurs 9AM-2PM",
    "Area Served": "607-467-3953. Require a meal reservation by noon the day before",
    "Deliveries?": "Lunch 12:30PM Tues. & Thurs.",
    "Additional Services Offered": "Suggested contribution of $3.50 for people over 60 and their spouse. No one over 60 will be denied a meal for inability to pay or contribute. However, people under 60 are charged a $4.50 per meal price.",
    "Drive Thru?": "",
    "Contact": "",
    "Phone": "607-467-3953",
    "Email": "",
    "latitude": 42.0623382,
    "longitude": -75.4207072
  },
  {
    "Type": "Senior Centers",
    "Name": "Broome West Senior Center",
    "Street": "2801 Wayne St.",
    "City": "Endicott",
    "State": "NY",
    "Zip": "13760",
    "Hours of Operation": "Mon-Fri. 9AM-3PM",
    "Area Served": "607-785-1777. Require a meal reservation by noon the day before",
    "Deliveries?": "Lunch at Noon, Mon.-Fri",
    "Additional Services Offered": "Suggested contribution of $3.50 for people over 60 and their spouse. No one over 60 will be denied a meal for inability to pay or contribute. However, people under 60 are charged a $4.50 per meal price.",
    "Drive Thru?": "",
    "Contact": "",
    "Phone": "607-785-3427",
    "Email": "",
    "latitude": null,
    "longitude": null
  },
  {
    "Type": "Senior Centers",
    "Name": "First Ward Senior Center",
    "Street": "226 Clinton St.",
    "City": "Binghamton",
    "State": "NY",
    "Zip": "13905",
    "Hours of Operation": "Mon.-Fri 8:30AM-3:30PM",
    "Area Served": "607-729-6214. Require a meal reservation by noon the day before",
    "Deliveries?": "Lunch at 11:45AM, Mon.- Fri.",
    "Additional Services Offered": "Suggested contribution of $3.50 for people over 60 and their spouse. No one over 60 will be denied a meal for inability to pay or contribute. However, people under 60 are charged a $4.50 per meal price.",
    "Drive Thru?": "",
    "Contact": "",
    "Phone": "607-797-2307",
    "Email": "",
    "latitude": 42.1070414,
    "longitude": -75.9299769
  },
  {
    "Type": "Senior Centers",
    "Name": "Northern Broome Senior Center",
    "Street": "12 Strongs Pl.",
    "City": "Whitney Point",
    "State": "NY",
    "Zip": "13862",
    "Hours of Operation": "Mon-Fri. 9AM-3PM",
    "Area Served": "607-692-3405. Require a meal reservation by noon the day before",
    "Deliveries?": "Lunch at Noon, Mon.-Fri",
    "Additional Services Offered": "Suggested contribution of $3.50 for people over 60 and their spouse. No one over 60 will be denied a meal for inability to pay or contribute. However, people under 60 are charged a $4.50 per meal price.",
    "Drive Thru?": "",
    "Contact": "",
    "Phone": "607-692-3405",
    "Email": "",
    "latitude": 42.3266497,
    "longitude": -75.9680467
  },
  {
    "Type": "Senior Centers",
    "Name": "Johnson City Senior Center",
    "Street": "30 Brocton St.",
    "City": "Johnson City",
    "State": "NY",
    "Zip": "13790",
    "Hours of Operation": "Mon-Thurs 9AM-4PM, Friday 9AM-2PM",
    "Area Served": "607-797-1149. Require a meal reservation by noon the day before",
    "Deliveries?": "Lunch at Noon, Mon.- Fri.",
    "Additional Services Offered": "Suggested contribution of $3.50 for people over 60 and their spouse. No one over 60 will be denied a meal for inability to pay or contribute. However, people under 60 are charged a $4.50 per meal price.",
    "Drive Thru?": "",
    "Contact": "",
    "Phone": "607-797-1149",
    "Email": "",
    "latitude": 42.1187846,
    "longitude": -75.9549751
  },
  {
    "Type": "Senior Centers",
    "Name": "Vestal Senior Center",
    "Street": "201 Main St.",
    "City": "Vestal",
    "State": "NY",
    "Zip": "13850",
    "Hours of Operation": "Mon-Fri. 9AM-2PM",
    "Area Served": "607-754-9596. Require a meal reservation by noon the day before",
    "Deliveries?": "Lunch at 11:45AM, Mon.- Fri.",
    "Additional Services Offered": "Suggested contribution of $3.50 for people over 60 and their spouse. No one over 60 will be denied a meal for inability to pay or contribute. However, people under 60 are charged a $4.50 per meal price.",
    "Drive Thru?": "",
    "Contact": "",
    "Phone": "607-754-9596",
    "Email": "",
    "latitude": 42.0846918,
    "longitude": -76.0517951
  },
  {
    "Type": "Senior Centers",
    "Name": "Chenango Bridge Senior Center",
    "Street": "740 River Rd.",
    "City": "Binghamton",
    "State": "NY",
    "Zip": "13901",
    "Hours of Operation": "Monday, Wednesday & Friday",
    "Area Served": "607-648-4339. Require a meal reservation by noon the day before",
    "Deliveries?": "Lunch on Wed and Fri",
    "Additional Services Offered": "Suggested contribution of $3.50 for people over 60 and their spouse. No one over 60 will be denied a meal for inability to pay or contribute. However, people under 60 are charged a $4.50 per meal price.",
    "Drive Thru?": "",
    "Contact": "",
    "Phone": "607-648-4339",
    "Email": "",
    "latitude": 42.166724,
    "longitude": -75.8647796
  }
]